team_lineage_id,division_id,division_label,normalized_team_name,representative_team_name,season_count
d2_sundays:01lakers,d2_sundays,D2 Sundays,01lakers,01Lakers,1
d2_sundays:50-shades-of-klay,d2_sundays,D2 Sundays,50-shades-of-klay,50 Shades of Klay,6
d2_sundays:80-eighters,d2_sundays,D2 Sundays,80-eighters,80′ Eighters,1
d2_sundays:amdanga,d2_sundays,D2 Sundays,amdanga,AMDanga,1
d2_sundays:all-apac,d2_sundays,D2 Sundays,all-apac,All APAC,1
d2_sundays:all-smoke,d2_sundays,D2 Sundays,all-smoke,All Smoke,1
d2_sundays:arc-angels,d2_sundays,D2 Sundays,arc-angels,Arc Angels,2
d2_sundays:asian-power,d2_sundays,D2 Sundays,asian-power,Asian Power,1
d2_sundays:bing-bong,d2_sundays,D2 Sundays,bing-bong,BING BONG,1
d2_sundays:bta,d2_sundays,D2 Sundays,bta,BTA,1
d2_sundays:burrrcats,d2_sundays,D2 Sundays,burrrcats,BURRRcats,9
d2_sundays:big-baller-boyz,d2_sundays,D2 Sundays,big-baller-boyz,Big Baller Boyz,1
d2_sundays:big-bullies,d2_sundays,D2 Sundays,big-bullies,Big Bullies,7
d2_sundays:big-song-lil-wong,d2_sundays,D2 Sundays,big-song-lil-wong,Big Song Lil Wong,3
d2_sundays:bomb-squad,d2_sundays,D2 Sundays,bomb-squad,Bomb Squad,4
d2_sundays:brick-squad,d2_sundays,D2 Sundays,brick-squad,Brick Squad,4
d2_sundays:brotherhood-w-o-banners,d2_sundays,D2 Sundays,brotherhood-w-o-banners,Brotherhood w/o Banners,1
d2_sundays:buck-clan,d2_sundays,D2 Sundays,buck-clan,Buck$ Clan,1
d2_sundays:bucketboys,d2_sundays,D2 Sundays,bucketboys,BucketBoys,1
d2_sundays:ctrl-alt-del,d2_sundays,D2 Sundays,ctrl-alt-del,CTRL ALT DEL,1
d2_sundays:demon-buddies,d2_sundays,D2 Sundays,demon-buddies,Demon Buddies,1
d2_sundays:dream,d2_sundays,D2 Sundays,dream,Dream,1
d2_sundays:easy-street,d2_sundays,D2 Sundays,easy-street,Easy Street,2
d2_sundays:fun-guys,d2_sundays,D2 Sundays,fun-guys,Fun Guys,1
d2_sundays:gilet-jaunes,d2_sundays,D2 Sundays,gilet-jaunes,Gilet Jaunes,2
d2_sundays:gotham-select,d2_sundays,D2 Sundays,gotham-select,Gotham Select,7
d2_sundays:grand-theft-rondo,d2_sundays,D2 Sundays,grand-theft-rondo,Grand Theft Rondo,2
d2_sundays:greek-freaks-geeks,d2_sundays,D2 Sundays,greek-freaks-geeks,Greek Freaks & Geeks,1
d2_sundays:hoop-prophets,d2_sundays,D2 Sundays,hoop-prophets,Hoop Prophets,9
d2_sundays:hoya-redemption,d2_sundays,D2 Sundays,hoya-redemption,Hoya Redemption,1
d2_sundays:ice-in-my-veins,d2_sundays,D2 Sundays,ice-in-my-veins,Ice In My Veins,1
d2_sundays:infinite-potential,d2_sundays,D2 Sundays,infinite-potential,Infinite Potential,3
d2_sundays:injustice-league,d2_sundays,D2 Sundays,injustice-league,Injustice League,1
d2_sundays:jp-casuals,d2_sundays,D2 Sundays,jp-casuals,JP Casuals,2
d2_sundays:joyful-occasions,d2_sundays,D2 Sundays,joyful-occasions,Joyful Occasions,2
d2_sundays:just-hoopers,d2_sundays,D2 Sundays,just-hoopers,Just Hoopers,2
d2_sundays:kawhi-me-a-river,d2_sundays,D2 Sundays,kawhi-me-a-river,Kawhi Me A River,1
d2_sundays:layups-only,d2_sundays,D2 Sundays,layups-only,Layups Only,1
d2_sundays:light-work,d2_sundays,D2 Sundays,light-work,Light Work,1
d2_sundays:long-twos,d2_sundays,D2 Sundays,long-twos,Long Twos,3
d2_sundays:lunch-pail-guys,d2_sundays,D2 Sundays,lunch-pail-guys,Lunch Pail Guys,1
d2_sundays:make-it-reign-man,d2_sundays,D2 Sundays,make-it-reign-man,Make It Reign Man,2
d2_sundays:manhattan-elite,d2_sundays,D2 Sundays,manhattan-elite,Manhattan Elite,2
d2_sundays:missandei-s-melons,d2_sundays,D2 Sundays,missandei-s-melons,Missandei’s Melons,1
d2_sundays:mobadanga,d2_sundays,D2 Sundays,mobadanga,Mobadanga,4
d2_sundays:ny-falcons-u,d2_sundays,D2 Sundays,ny-falcons-u,NY Falcons U.,4
d2_sundays:ny-rockits,d2_sundays,D2 Sundays,ny-rockits,NY Rockits,3
d2_sundays:nyc-gritty-committee,d2_sundays,D2 Sundays,nyc-gritty-committee,NYC Gritty Committee,3
d2_sundays:nyc-hustlers,d2_sundays,D2 Sundays,nyc-hustlers,NYC Hustlers,2
d2_sundays:no-fly-zone,d2_sundays,D2 Sundays,no-fly-zone,No Fly Zone,4
d2_sundays:out-of-retirement,d2_sundays,D2 Sundays,out-of-retirement,Out of Retirement,1
d2_sundays:petty-gang,d2_sundays,D2 Sundays,petty-gang,Petty Gang,5
d2_sundays:queens-park,d2_sundays,D2 Sundays,queens-park,Queens Park,1
d2_sundays:raining-rosebuds,d2_sundays,D2 Sundays,raining-rosebuds,Raining Rosebuds,9
d2_sundays:rat-la-familia,d2_sundays,D2 Sundays,rat-la-familia,Rat La Familia,3
d2_sundays:reservoir-dogs,d2_sundays,D2 Sundays,reservoir-dogs,Reservoir Dogs,2
d2_sundays:rush-hour,d2_sundays,D2 Sundays,rush-hour,Rush Hour,5
d2_sundays:s-panthers,d2_sundays,D2 Sundays,s-panthers,S. Panthers,1
d2_sundays:ssd-elite,d2_sundays,D2 Sundays,ssd-elite,SSD Elite,1
d2_sundays:shawn-kemp-s-kids,d2_sundays,D2 Sundays,shawn-kemp-s-kids,Shawn Kemp’s Kids,1
d2_sundays:spaghetti-ramen,d2_sundays,D2 Sundays,spaghetti-ramen,Spaghetti Ramen,2
d2_sundays:spring-bag,d2_sundays,D2 Sundays,spring-bag,Spring Bag,1
d2_sundays:tap-ny,d2_sundays,D2 Sundays,tap-ny,TAP NY,2
d2_sundays:teal-curtain,d2_sundays,D2 Sundays,teal-curtain,Teal Curtain,2
d2_sundays:team-sky,d2_sundays,D2 Sundays,team-sky,Team Sky,1
d2_sundays:thank-u-next,d2_sundays,D2 Sundays,thank-u-next,"Thank U, Next",5
d2_sundays:the-gents,d2_sundays,D2 Sundays,the-gents,The Gents,2
d2_sundays:the-lizards,d2_sundays,D2 Sundays,the-lizards,The Lizards,5
d2_sundays:the-panthers,d2_sundays,D2 Sundays,the-panthers,The Panthers,2
d2_sundays:time-2-tell,d2_sundays,D2 Sundays,time-2-tell,Time 2 Tell,1
d2_sundays:trunk-club-half-zips,d2_sundays,D2 Sundays,trunk-club-half-zips,Trunk Club Half-Zips,1
d2_sundays:united-nations,d2_sundays,D2 Sundays,united-nations,United Nations,5
d2_sundays:washed-gang,d2_sundays,D2 Sundays,washed-gang,Washed Gang,3
d2_sundays:weekend-ninjas,d2_sundays,D2 Sundays,weekend-ninjas,Weekend Ninjas,1
d2_sundays:wolverines-4-0,d2_sundays,D2 Sundays,wolverines-4-0,Wolverines 4.0,6
d2_sundays:x-clan,d2_sundays,D2 Sundays,x-clan,X-Clan,1
d2_sundays:yolo,d2_sundays,D2 Sundays,yolo,YOLO,2
d2_thursdays:01lakers,d2_thursdays,D2 Thursdays,01lakers,01Lakers,3
d2_thursdays:all-ohio,d2_thursdays,D2 Thursdays,all-ohio,All-Ohio,4
d2_thursdays:allsmoke,d2_thursdays,D2 Thursdays,allsmoke,AllSmoke,1
d2_thursdays:ankle-roulette,d2_thursdays,D2 Thursdays,ankle-roulette,Ankle Roulette,2
d2_thursdays:apex,d2_thursdays,D2 Thursdays,apex,Apex,7
d2_thursdays:asian-power,d2_thursdays,D2 Thursdays,asian-power,Asian Power,1
d2_thursdays:bing-bong,d2_thursdays,D2 Thursdays,bing-bong,BING BONG,5
d2_thursdays:bean,d2_thursdays,D2 Thursdays,bean,Bean,1
d2_thursdays:bean-boiis,d2_thursdays,D2 Thursdays,bean-boiis,Bean Boiis,1
d2_thursdays:blue-chips,d2_thursdays,D2 Thursdays,blue-chips,Blue Chips,1
d2_thursdays:bomb-squad,d2_thursdays,D2 Thursdays,bomb-squad,Bomb Squad,4
d2_thursdays:boogie-knights,d2_thursdays,D2 Thursdays,boogie-knights,Boogie Knights,1
d2_thursdays:camp-nubar,d2_thursdays,D2 Thursdays,camp-nubar,Camp Nubar,4
d2_thursdays:chess-not-checkers,d2_thursdays,D2 Thursdays,chess-not-checkers,Chess Not Checkers,4
d2_thursdays:cruisers,d2_thursdays,D2 Thursdays,cruisers,Cruisers,2
d2_thursdays:doris,d2_thursdays,D2 Thursdays,doris,DORIS,1
d2_thursdays:don-t-ever-play-yourself,d2_thursdays,D2 Thursdays,don-t-ever-play-yourself,Don’t Ever Play Yourself,1
d2_thursdays:dream,d2_thursdays,D2 Thursdays,dream,Dream,2
d2_thursdays:dutch-masters,d2_thursdays,D2 Thursdays,dutch-masters,Dutch Masters,1
d2_thursdays:e-wood-inferno,d2_thursdays,D2 Thursdays,e-wood-inferno,E-Wood Inferno,3
d2_thursdays:falcons-2-0,d2_thursdays,D2 Thursdays,falcons-2-0,Falcons 2.0,1
d2_thursdays:g7,d2_thursdays,D2 Thursdays,g7,G7,4
d2_thursdays:ggininder,d2_thursdays,D2 Thursdays,ggininder,GGininder,6
d2_thursdays:gilet-jaunes,d2_thursdays,D2 Thursdays,gilet-jaunes,Gilet Jaunes,5
d2_thursdays:guard-me-maybe,d2_thursdays,D2 Thursdays,guard-me-maybe,Guard Me Maybe,9
d2_thursdays:hb-tribe,d2_thursdays,D2 Thursdays,hb-tribe,HB Tribe,2
d2_thursdays:honey-badgers,d2_thursdays,D2 Thursdays,honey-badgers,Honey Badgers,10
d2_thursdays:hoya-redemption,d2_thursdays,D2 Thursdays,hoya-redemption,Hoya Redemption,6
d2_thursdays:ice-auto,d2_thursdays,D2 Thursdays,ice-auto,Ice Auto,1
d2_thursdays:jp-casuals,d2_thursdays,D2 Thursdays,jp-casuals,JP Casuals,3
d2_thursdays:jeremy-lin-s-cousins,d2_thursdays,D2 Thursdays,jeremy-lin-s-cousins,Jeremy Lin’s Cousins,3
d2_thursdays:juicy-juds,d2_thursdays,D2 Thursdays,juicy-juds,Juicy Juds,2
d2_thursdays:just-for-fun,d2_thursdays,D2 Thursdays,just-for-fun,Just For Fun,1
d2_thursdays:la-hoopers,d2_thursdays,D2 Thursdays,la-hoopers,LA Hoopers,2
d2_thursdays:lunch-pail-guys,d2_thursdays,D2 Thursdays,lunch-pail-guys,Lunch Pail Guys,1
d2_thursdays:manhattan-elite,d2_thursdays,D2 Thursdays,manhattan-elite,Manhattan Elite,1
d2_thursdays:mid,d2_thursdays,D2 Thursdays,mid,Mid,1
d2_thursdays:mixed-bag,d2_thursdays,D2 Thursdays,mixed-bag,Mixed Bag,1
d2_thursdays:most-hated,d2_thursdays,D2 Thursdays,most-hated,Most Hated,1
d2_thursdays:mr-beast,d2_thursdays,D2 Thursdays,mr-beast,Mr. Beast,5
d2_thursdays:nj-rockets,d2_thursdays,D2 Thursdays,nj-rockets,NJ Rockets,3
d2_thursdays:ny-dynasty,d2_thursdays,D2 Thursdays,ny-dynasty,NY Dynasty,2
d2_thursdays:ny-pipelayers-union,d2_thursdays,D2 Thursdays,ny-pipelayers-union,NY Pipelayers Union,2
d2_thursdays:ny-rockits,d2_thursdays,D2 Thursdays,ny-rockits,NY Rockits,9
d2_thursdays:nyc-gritty-committee,d2_thursdays,D2 Thursdays,nyc-gritty-committee,NYC Gritty Committee,9
d2_thursdays:nycb,d2_thursdays,D2 Thursdays,nycb,NYCB,1
d2_thursdays:new-gotham,d2_thursdays,D2 Thursdays,new-gotham,New Gotham,3
d2_thursdays:new-york,d2_thursdays,D2 Thursdays,new-york,New York,1
d2_thursdays:no-left,d2_thursdays,D2 Thursdays,no-left,No Left,1
d2_thursdays:not-so-fast,d2_thursdays,D2 Thursdays,not-so-fast,Not So Fast,2
d2_thursdays:p-o-p,d2_thursdays,D2 Thursdays,p-o-p,P.O.P.,3
d2_thursdays:pass-the-ball,d2_thursdays,D2 Thursdays,pass-the-ball,Pass The Ball,2
d2_thursdays:playas-club,d2_thursdays,D2 Thursdays,playas-club,Playas Club,1
d2_thursdays:premature-shooters,d2_thursdays,D2 Thursdays,premature-shooters,Premature Shooters,2
d2_thursdays:rokstars,d2_thursdays,D2 Thursdays,rokstars,ROKstars,4
d2_thursdays:reservoir-dogs,d2_thursdays,D2 Thursdays,reservoir-dogs,Reservoir Dogs,1
d2_thursdays:rock-facts,d2_thursdays,D2 Thursdays,rock-facts,Rock Facts,3
d2_thursdays:sk-war-dog,d2_thursdays,D2 Thursdays,sk-war-dog,SK War Dog,4
d2_thursdays:snb,d2_thursdays,D2 Thursdays,snb,SNB,2
d2_thursdays:shawn-kemp-s-kids,d2_thursdays,D2 Thursdays,shawn-kemp-s-kids,Shawn Kemp’s Kids,5
d2_thursdays:shiesty-squad,d2_thursdays,D2 Thursdays,shiesty-squad,Shiesty Squad,2
d2_thursdays:slim-reapers,d2_thursdays,D2 Thursdays,slim-reapers,Slim Reapers,1
d2_thursdays:space-jam,d2_thursdays,D2 Thursdays,space-jam,Space Jam,2
d2_thursdays:spaghetti-ramen,d2_thursdays,D2 Thursdays,spaghetti-ramen,Spaghetti Ramen,1
d2_thursdays:splashmakers,d2_thursdays,D2 Thursdays,splashmakers,Splashmakers,4
d2_thursdays:storm-troopers,d2_thursdays,D2 Thursdays,storm-troopers,Storm Troopers,5
d2_thursdays:supreme-team,d2_thursdays,D2 Thursdays,supreme-team,Supreme Team,1
d2_thursdays:tx-thunder,d2_thursdays,D2 Thursdays,tx-thunder,TX Thunder,5
d2_thursdays:team-z,d2_thursdays,D2 Thursdays,team-z,Team Z,3
d2_thursdays:texas-elite,d2_thursdays,D2 Thursdays,texas-elite,Texas Elite,1
d2_thursdays:the-rock-stars,d2_thursdays,D2 Thursdays,the-rock-stars,The Rock Stars,1
d2_thursdays:the-street,d2_thursdays,D2 Thursdays,the-street,The Street,3
d2_thursdays:top-boy,d2_thursdays,D2 Thursdays,top-boy,Top Boy,6
d2_thursdays:uncle-bought-a-cow,d2_thursdays,D2 Thursdays,uncle-bought-a-cow,Uncle Bought a Cow,7
d2_thursdays:uniballers,d2_thursdays,D2 Thursdays,uniballers,Uniballers,2
d2_thursdays:united-nations,d2_thursdays,D2 Thursdays,united-nations,United Nations,3
d2_thursdays:unleashed-oms,d2_thursdays,D2 Thursdays,unleashed-oms,Unleashed OMS,3
d2_thursdays:weekend-ninjas,d2_thursdays,D2 Thursdays,weekend-ninjas,Weekend Ninjas,1
d2_thursdays:what-it-do-babyyy,d2_thursdays,D2 Thursdays,what-it-do-babyyy,What It Do Babyyy,5
d2_thursdays:wolfpack,d2_thursdays,D2 Thursdays,wolfpack,Wolfpack,2
d2_thursdays:word-bball-team-royal,d2_thursdays,D2 Thursdays,word-bball-team-royal,Word BBall Team Royal,1
d2_thursdays:yolo,d2_thursdays,D2 Thursdays,yolo,YOLO,15
d3_mondays:10-freaky-guy,d3_mondays,D3 Mondays,10-freaky-guy,10 Freaky Guy$,2
d3_mondays:30-for-30,d3_mondays,D3 Mondays,30-for-30,30-for-30,2
d3_mondays:aa-team,d3_mondays,D3 Mondays,aa-team,AA Team,2
d3_mondays:altus-group,d3_mondays,D3 Mondays,altus-group,Altus Group,1
d3_mondays:angry-potatoes,d3_mondays,D3 Mondays,angry-potatoes,Angry Potatoes,1
d3_mondays:bing-bong,d3_mondays,D3 Mondays,bing-bong,BING BONG,2
d3_mondays:bkysc,d3_mondays,D3 Mondays,bkysc,BKYSC,1
d3_mondays:beacon-beavers,d3_mondays,D3 Mondays,beacon-beavers,Beacon Beavers,1
d3_mondays:bicoastal-baddies,d3_mondays,D3 Mondays,bicoastal-baddies,Bicoastal Baddies,1
d3_mondays:big-bookie-brand,d3_mondays,D3 Mondays,big-bookie-brand,Big Bookie Brand,4
d3_mondays:black-yellow,d3_mondays,D3 Mondays,black-yellow,Black & Yellow,1
d3_mondays:brickstone-associates,d3_mondays,D3 Mondays,brickstone-associates,Brickstone Associates,7
d3_mondays:bron-glazers,d3_mondays,D3 Mondays,bron-glazers,Bron Glazers,1
d3_mondays:brooklyn-killas,d3_mondays,D3 Mondays,brooklyn-killas,Brooklyn Killas,1
d3_mondays:brunson-lovers,d3_mondays,D3 Mondays,brunson-lovers,Brunson Lovers,1
d3_mondays:buck-clan,d3_mondays,D3 Mondays,buck-clan,Buck$ Clan,3
d3_mondays:cash-considerations,d3_mondays,D3 Mondays,cash-considerations,Cash Considerations,1
d3_mondays:cocomelon,d3_mondays,D3 Mondays,cocomelon,Cocomelon,2
d3_mondays:cugines,d3_mondays,D3 Mondays,cugines,Cugines,2
d3_mondays:dhg-ballers,d3_mondays,D3 Mondays,dhg-ballers,DHG Ballers,1
d3_mondays:dirty-jerz,d3_mondays,D3 Mondays,dirty-jerz,Dirty Jerz,1
d3_mondays:falcons,d3_mondays,D3 Mondays,falcons,Falcons,2
d3_mondays:fun-guys,d3_mondays,D3 Mondays,fun-guys,Fun Guys,1
d3_mondays:ggininder,d3_mondays,D3 Mondays,ggininder,GGininder,1
d3_mondays:goon-squad,d3_mondays,D3 Mondays,goon-squad,Goon Squad,1
d3_mondays:guard-me-maybe,d3_mondays,D3 Mondays,guard-me-maybe,Guard Me Maybe,2
d3_mondays:happy-hour-club,d3_mondays,D3 Mondays,happy-hour-club,Happy Hour Club,1
d3_mondays:hooper-s-happy-hour,d3_mondays,D3 Mondays,hooper-s-happy-hour,Hooper’s Happy Hour,3
d3_mondays:ibaka-flaka-flame,d3_mondays,D3 Mondays,ibaka-flaka-flame,Ibaka Flaka Flame,13
d3_mondays:jp-junior-varsity,d3_mondays,D3 Mondays,jp-junior-varsity,JP Junior Varsity,3
d3_mondays:knickerbockers,d3_mondays,D3 Mondays,knickerbockers,Knickerbockers,2
d3_mondays:layups-only,d3_mondays,D3 Mondays,layups-only,Layups Only,3
d3_mondays:load-management,d3_mondays,D3 Mondays,load-management,Load Management,1
d3_mondays:manhattan-elite,d3_mondays,D3 Mondays,manhattan-elite,Manhattan Elite,9
d3_mondays:manhattan-gents,d3_mondays,D3 Mondays,manhattan-gents,Manhattan Gents,3
d3_mondays:manhattan-mayo-clinic,d3_mondays,D3 Mondays,manhattan-mayo-clinic,Manhattan Mayo Clinic,3
d3_mondays:meat-ball-club,d3_mondays,D3 Mondays,meat-ball-club,Meat Ball Club,2
d3_mondays:midwest-buckets,d3_mondays,D3 Mondays,midwest-buckets,Midwest Buckets,3
d3_mondays:mr-beast,d3_mondays,D3 Mondays,mr-beast,Mr. Beast,5
d3_mondays:nj-rockets,d3_mondays,D3 Mondays,nj-rockets,NJ Rockets,8
d3_mondays:ny-bricks,d3_mondays,D3 Mondays,ny-bricks,NY Bricks,2
d3_mondays:ny-rockits,d3_mondays,D3 Mondays,ny-rockits,NY Rockits,1
d3_mondays:nyc-gritty-committee,d3_mondays,D3 Mondays,nyc-gritty-committee,NYC Gritty Committee,6
d3_mondays:nyk-red-devils,d3_mondays,D3 Mondays,nyk-red-devils,NYK Red Devils,3
d3_mondays:no-diet-coke,d3_mondays,D3 Mondays,no-diet-coke,No Diet Coke,2
d3_mondays:no-fly-zone-ultra,d3_mondays,D3 Mondays,no-fly-zone-ultra,No Fly Zone Ultra,1
d3_mondays:opp-pack,d3_mondays,D3 Mondays,opp-pack,OPP PACK,1
d3_mondays:oilers,d3_mondays,D3 Mondays,oilers,Oilers,2
d3_mondays:out-of-retirement,d3_mondays,D3 Mondays,out-of-retirement,Out of Retirement,1
d3_mondays:pippen-ain-t-easy,d3_mondays,D3 Mondays,pippen-ain-t-easy,Pippen Ain’t Easy,10
d3_mondays:pnest1,d3_mondays,D3 Mondays,pnest1,Pnest1,3
d3_mondays:pretty-boys,d3_mondays,D3 Mondays,pretty-boys,Pretty Boys,1
d3_mondays:queens-elite,d3_mondays,D3 Mondays,queens-elite,Queens Elite,1
d3_mondays:rokstars,d3_mondays,D3 Mondays,rokstars,ROKSTARS,5
d3_mondays:ramen-meatballs,d3_mondays,D3 Mondays,ramen-meatballs,Ramen & Meatballs,1
d3_mondays:reservoir-dogs,d3_mondays,D3 Mondays,reservoir-dogs,Reservoir Dogs,1
d3_mondays:rock-stars,d3_mondays,D3 Mondays,rock-stars,Rock Stars,2
d3_mondays:snb-tigers,d3_mondays,D3 Mondays,snb-tigers,SNB Tigers,1
d3_mondays:satriale-s,d3_mondays,D3 Mondays,satriale-s,Satriale’s,3
d3_mondays:sex-panthers,d3_mondays,D3 Mondays,sex-panthers,Sex Panthers,1
d3_mondays:shiesty-squad,d3_mondays,D3 Mondays,shiesty-squad,Shiesty Squad,1
d3_mondays:smash-n-bounce,d3_mondays,D3 Mondays,smash-n-bounce,Smash N Bounce,7
d3_mondays:smooth-buckets,d3_mondays,D3 Mondays,smooth-buckets,Smooth Buckets,2
d3_mondays:spaghetti-ramen,d3_mondays,D3 Mondays,spaghetti-ramen,Spaghetti Ramen,11
d3_mondays:spark-plugs,d3_mondays,D3 Mondays,spark-plugs,Spark Plugs,10
d3_mondays:stuytown-elite,d3_mondays,D3 Mondays,stuytown-elite,Stuytown Elite,1
d3_mondays:supreme-team,d3_mondays,D3 Mondays,supreme-team,Supreme Team,7
d3_mondays:swish-house,d3_mondays,D3 Mondays,swish-house,Swish House,1
d3_mondays:team-sky,d3_mondays,D3 Mondays,team-sky,Team Sky,5
d3_mondays:texas-elite,d3_mondays,D3 Mondays,texas-elite,Texas Elite,18
d3_mondays:the-bricklayers,d3_mondays,D3 Mondays,the-bricklayers,The Bricklayers,1
d3_mondays:the-no-knees,d3_mondays,D3 Mondays,the-no-knees,The No Knees,1
d3_mondays:turnover-only,d3_mondays,D3 Mondays,turnover-only,Turnover Only,1
d3_mondays:what-it-do-babyyy,d3_mondays,D3 Mondays,what-it-do-babyyy,What It Do Babyyy,1
d3_mondays:wolverines-4-0,d3_mondays,D3 Mondays,wolverines-4-0,Wolverines 4.0,4
d3_sundays:12th-c-franciscan-mystics,d3_sundays,D3 Sundays,12th-c-franciscan-mystics,12th C. Franciscan Mystics,1
d3_sundays:30-for-30,d3_sundays,D3 Sundays,30-for-30,30-for-30,2
d3_sundays:50-shades-of-klay,d3_sundays,D3 Sundays,50-shades-of-klay,50 Shades of Klay,16
d3_sundays:airballers,d3_sundays,D3 Sundays,airballers,Airballers,3
d3_sundays:alligator-alliance,d3_sundays,D3 Sundays,alligator-alliance,Alligator Alliance,3
d3_sundays:bing-bong,d3_sundays,D3 Sundays,bing-bong,BING BONG,2
d3_sundays:baby-whales,d3_sundays,D3 Sundays,baby-whales,Baby Whales,5
d3_sundays:ball-is-life,d3_sundays,D3 Sundays,ball-is-life,Ball Is Life,29
d3_sundays:bicoastal-baddies,d3_sundays,D3 Sundays,bicoastal-baddies,Bicoastal Baddies,1
d3_sundays:big-bookie-brand,d3_sundays,D3 Sundays,big-bookie-brand,Big Bookie Brand,1
d3_sundays:big-bullies,d3_sundays,D3 Sundays,big-bullies,Big Bullies,6
d3_sundays:big-song-lil-wong,d3_sundays,D3 Sundays,big-song-lil-wong,Big Song Lil Wong,6
d3_sundays:boxout,d3_sundays,D3 Sundays,boxout,BoxOut,2
d3_sundays:brick-squad,d3_sundays,D3 Sundays,brick-squad,Brick Squad,6
d3_sundays:brooklyn-killas,d3_sundays,D3 Sundays,brooklyn-killas,Brooklyn Killas,4
d3_sundays:brotherhood-w-o-banners,d3_sundays,D3 Sundays,brotherhood-w-o-banners,Brotherhood w/o Banners,7
d3_sundays:buck-clan,d3_sundays,D3 Sundays,buck-clan,Buck$ Clan,1
d3_sundays:bucket-boys,d3_sundays,D3 Sundays,bucket-boys,Bucket Boys,11
d3_sundays:canned-sweet-corn,d3_sundays,D3 Sundays,canned-sweet-corn,Canned Sweet Corn,1
d3_sundays:chinatown-hawks,d3_sundays,D3 Sundays,chinatown-hawks,Chinatown Hawks,2
d3_sundays:cone-drill-2-0,d3_sundays,D3 Sundays,cone-drill-2-0,Cone Drill 2.0,5
d3_sundays:dunkin-go-nuts,d3_sundays,D3 Sundays,dunkin-go-nuts,Dunkin’ Go-Nuts,2
d3_sundays:easy-street,d3_sundays,D3 Sundays,easy-street,Easy Street,2
d3_sundays:elevated-athletics,d3_sundays,D3 Sundays,elevated-athletics,Elevated Athletics,3
d3_sundays:falcons,d3_sundays,D3 Sundays,falcons,Falcons,1
d3_sundays:flat-earthers,d3_sundays,D3 Sundays,flat-earthers,Flat Earthers,5
d3_sundays:formosa-warriors,d3_sundays,D3 Sundays,formosa-warriors,Formosa Warriors,6
d3_sundays:free-agents,d3_sundays,D3 Sundays,free-agents,Free Agents,2
d3_sundays:friendship-forever,d3_sundays,D3 Sundays,friendship-forever,Friendship Forever,3
d3_sundays:goat-herders,d3_sundays,D3 Sundays,goat-herders,Goat Herders,5
d3_sundays:goon-squad,d3_sundays,D3 Sundays,goon-squad,Goon Squad,21
d3_sundays:hooper-s-happy-hour,d3_sundays,D3 Sundays,hooper-s-happy-hour,Hooper’s Happy Hour,1
d3_sundays:ice-in-my-veins,d3_sundays,D3 Sundays,ice-in-my-veins,Ice In My Veins,10
d3_sundays:jp-casuals,d3_sundays,D3 Sundays,jp-casuals,JP Casuals,1
d3_sundays:jamie-s-jammers,d3_sundays,D3 Sundays,jamie-s-jammers,Jamie’s Jammers,1
d3_sundays:japan-united,d3_sundays,D3 Sundays,japan-united,Japan United,5
d3_sundays:let-it-fly,d3_sundays,D3 Sundays,let-it-fly,Let It Fly,1
d3_sundays:looney-goons,d3_sundays,D3 Sundays,looney-goons,Looney Goons,1
d3_sundays:manhattan-elite,d3_sundays,D3 Sundays,manhattan-elite,Manhattan Elite,1
d3_sundays:midwest-buckets,d3_sundays,D3 Sundays,midwest-buckets,Midwest Buckets,1
d3_sundays:mobadanga,d3_sundays,D3 Sundays,mobadanga,Mobadanga,1
d3_sundays:moshup,d3_sundays,D3 Sundays,moshup,Moshup,1
d3_sundays:ny-dynasty,d3_sundays,D3 Sundays,ny-dynasty,NY Dynasty,1
d3_sundays:nyc-gritty-committee,d3_sundays,D3 Sundays,nyc-gritty-committee,NYC Gritty Committee,1
d3_sundays:nyu,d3_sundays,D3 Sundays,nyu,NYU,2
d3_sundays:new-regime,d3_sundays,D3 Sundays,new-regime,New Regime,1
d3_sundays:newgen,d3_sundays,D3 Sundays,newgen,NewGen,1
d3_sundays:no-diet-coke,d3_sundays,D3 Sundays,no-diet-coke,No Diet Coke,4
d3_sundays:no-fly-zone-og,d3_sundays,D3 Sundays,no-fly-zone-og,No Fly Zone OG,9
d3_sundays:omb,d3_sundays,D3 Sundays,omb,OMB,10
d3_sundays:pacific,d3_sundays,D3 Sundays,pacific,Pacific,1
d3_sundays:part-time-goats,d3_sundays,D3 Sundays,part-time-goats,Part Time Goats,6
d3_sundays:phantoms,d3_sundays,D3 Sundays,phantoms,Phantoms,4
d3_sundays:pnest1,d3_sundays,D3 Sundays,pnest1,Pnest1,1
d3_sundays:pogi-points,d3_sundays,D3 Sundays,pogi-points,Pogi Points,4
d3_sundays:ramen-meatballs,d3_sundays,D3 Sundays,ramen-meatballs,Ramen & Meatballs,1
d3_sundays:raptors,d3_sundays,D3 Sundays,raptors,Raptors,1
d3_sundays:rock-stars,d3_sundays,D3 Sundays,rock-stars,Rock Stars,2
d3_sundays:sk-war-dog,d3_sundays,D3 Sundays,sk-war-dog,SK War Dog,1
d3_sundays:satriale-s,d3_sundays,D3 Sundays,satriale-s,Satriale’s,1
d3_sundays:seawolves,d3_sundays,D3 Sundays,seawolves,Seawolves,1
d3_sundays:showcase-nyc,d3_sundays,D3 Sundays,showcase-nyc,Showcase NYC,1
d3_sundays:six-boroughs,d3_sundays,D3 Sundays,six-boroughs,Six Boroughs,1
d3_sundays:spaghetti-ramen,d3_sundays,D3 Sundays,spaghetti-ramen,Spaghetti Ramen,4
d3_sundays:splash-mountain,d3_sundays,D3 Sundays,splash-mountain,Splash Mountain,1
d3_sundays:street-dreams,d3_sundays,D3 Sundays,street-dreams,Street Dreams,2
d3_sundays:sunday-sauce,d3_sundays,D3 Sundays,sunday-sauce,Sunday Sauce,6
d3_sundays:supreme-team,d3_sundays,D3 Sundays,supreme-team,Supreme Team,12
d3_sundays:swish-cheese,d3_sundays,D3 Sundays,swish-cheese,Swish Cheese,20
d3_sundays:tap-ny,d3_sundays,D3 Sundays,tap-ny,TAP NY,14
d3_sundays:tpe-tigers,d3_sundays,D3 Sundays,tpe-tigers,TPE Tigers,1
d3_sundays:team-sky,d3_sundays,D3 Sundays,team-sky,Team Sky,7
d3_sundays:the-avengers,d3_sundays,D3 Sundays,the-avengers,The Avengers,1
d3_sundays:the-big-ragus,d3_sundays,D3 Sundays,the-big-ragus,The Big Ragus,5
d3_sundays:the-blouses,d3_sundays,D3 Sundays,the-blouses,The Blouses,1
d3_sundays:the-crustaceans,d3_sundays,D3 Sundays,the-crustaceans,The Crustaceans,1
d3_sundays:the-handsome-boys,d3_sundays,D3 Sundays,the-handsome-boys,The Handsome Boys,1
d3_sundays:the-lizards,d3_sundays,D3 Sundays,the-lizards,The Lizards,1
d3_sundays:the-purple-cobras,d3_sundays,D3 Sundays,the-purple-cobras,The Purple Cobras,4
d3_sundays:the-wildcards,d3_sundays,D3 Sundays,the-wildcards,The Wildcards,2
d3_sundays:thunder,d3_sundays,D3 Sundays,thunder,Thunder,3
d3_sundays:true-step-pt,d3_sundays,D3 Sundays,true-step-pt,True Step PT,5
d3_sundays:tune-squad,d3_sundays,D3 Sundays,tune-squad,Tune Squad,1
d3_sundays:turnover-only,d3_sundays,D3 Sundays,turnover-only,Turnover Only,1
d3_sundays:two-bridges,d3_sundays,D3 Sundays,two-bridges,Two Bridges,1
d3_sundays:two-bridges-elite,d3_sundays,D3 Sundays,two-bridges-elite,Two Bridges Elite,1
d3_sundays:underdogs,d3_sundays,D3 Sundays,underdogs,Underdogs,1
d3_sundays:west-village-bulls,d3_sundays,D3 Sundays,west-village-bulls,West Village Bulls,1
d3_sundays:x-clan,d3_sundays,D3 Sundays,x-clan,X-Clan,1
d3_sundays:yerrr-x3,d3_sundays,D3 Sundays,yerrr-x3,YERRR X3,2
d3_sundays:yolo,d3_sundays,D3 Sundays,yolo,YOLO,4
d3_sundays:yieldmo,d3_sundays,D3 Sundays,yieldmo,Yieldmo,1
d3_sundays:ill-city,d3_sundays,D3 Sundays,ill-city,ill City,1
d3_tuesdays:69-chicken-broccoli,d3_tuesdays,D3 Tuesdays,69-chicken-broccoli,#69 Chicken & Broccoli,1
d3_tuesdays:10-freaky-guy,d3_tuesdays,D3 Tuesdays,10-freaky-guy,10 Freaky Guy$,2
d3_tuesdays:30-for-30,d3_tuesdays,D3 Tuesdays,30-for-30,30-for-30,11
d3_tuesdays:7-deadly-cindys,d3_tuesdays,D3 Tuesdays,7-deadly-cindys,7 Deadly Cindys,1
d3_tuesdays:airballers,d3_tuesdays,D3 Tuesdays,airballers,Airballers,1
d3_tuesdays:altus-group,d3_tuesdays,D3 Tuesdays,altus-group,Altus Group,2
d3_tuesdays:angry-potatoes,d3_tuesdays,D3 Tuesdays,angry-potatoes,Angry Potatoes,2
d3_tuesdays:beacon-beavers,d3_tuesdays,D3 Tuesdays,beacon-beavers,Beacon Beavers,1
d3_tuesdays:bicoastal-baddies,d3_tuesdays,D3 Tuesdays,bicoastal-baddies,Bicoastal Baddies,8
d3_tuesdays:big-bookie-brand,d3_tuesdays,D3 Tuesdays,big-bookie-brand,Big Bookie Brand,7
d3_tuesdays:black-yellow,d3_tuesdays,D3 Tuesdays,black-yellow,Black & Yellow,1
d3_tuesdays:bomb-squad,d3_tuesdays,D3 Tuesdays,bomb-squad,Bomb Squad,2
d3_tuesdays:boys-of-les,d3_tuesdays,D3 Tuesdays,boys-of-les,Boys of LES,1
d3_tuesdays:brooklyn-killas,d3_tuesdays,D3 Tuesdays,brooklyn-killas,Brooklyn Killas,1
d3_tuesdays:buck-clan,d3_tuesdays,D3 Tuesdays,buck-clan,Buck$ Clan,2
d3_tuesdays:bulletproof-tigers,d3_tuesdays,D3 Tuesdays,bulletproof-tigers,Bulletproof Tigers,2
d3_tuesdays:cash-considerations,d3_tuesdays,D3 Tuesdays,cash-considerations,Cash Considerations,8
d3_tuesdays:cocomelon,d3_tuesdays,D3 Tuesdays,cocomelon,Cocomelon,3
d3_tuesdays:cugines,d3_tuesdays,D3 Tuesdays,cugines,Cugines,2
d3_tuesdays:falcons,d3_tuesdays,D3 Tuesdays,falcons,Falcons,2
d3_tuesdays:free-agents,d3_tuesdays,D3 Tuesdays,free-agents,Free Agents,6
d3_tuesdays:fun-guys,d3_tuesdays,D3 Tuesdays,fun-guys,Fun Guys,4
d3_tuesdays:ggininder,d3_tuesdays,D3 Tuesdays,ggininder,GGininder,5
d3_tuesdays:goon-squad,d3_tuesdays,D3 Tuesdays,goon-squad,Goon Squad,2
d3_tuesdays:guard-me-maybe,d3_tuesdays,D3 Tuesdays,guard-me-maybe,Guard Me Maybe,2
d3_tuesdays:happy-hour-club,d3_tuesdays,D3 Tuesdays,happy-hour-club,Happy Hour Club,2
d3_tuesdays:jp-junior-varsity,d3_tuesdays,D3 Tuesdays,jp-junior-varsity,JP Junior Varsity,10
d3_tuesdays:klaytheists,d3_tuesdays,D3 Tuesdays,klaytheists,Klaytheists,2
d3_tuesdays:l4,d3_tuesdays,D3 Tuesdays,l4,L4,1
d3_tuesdays:lakeshow,d3_tuesdays,D3 Tuesdays,lakeshow,Lakeshow,1
d3_tuesdays:load-management,d3_tuesdays,D3 Tuesdays,load-management,Load Management,7
d3_tuesdays:manhattan-elite,d3_tuesdays,D3 Tuesdays,manhattan-elite,Manhattan Elite,1
d3_tuesdays:meat-ball-club,d3_tuesdays,D3 Tuesdays,meat-ball-club,Meat Ball Club,10
d3_tuesdays:mid,d3_tuesdays,D3 Tuesdays,mid,Mid,1
d3_tuesdays:midwest-buckets,d3_tuesdays,D3 Tuesdays,midwest-buckets,Midwest Buckets,4
d3_tuesdays:missandei-s-melons,d3_tuesdays,D3 Tuesdays,missandei-s-melons,Missandei’s Melons,1
d3_tuesdays:mr-beast,d3_tuesdays,D3 Tuesdays,mr-beast,Mr. Beast,1
d3_tuesdays:ny-bricks,d3_tuesdays,D3 Tuesdays,ny-bricks,NY Bricks,3
d3_tuesdays:ny-dynasty,d3_tuesdays,D3 Tuesdays,ny-dynasty,NY Dynasty,2
d3_tuesdays:nyc-gritty-committee,d3_tuesdays,D3 Tuesdays,nyc-gritty-committee,NYC Gritty Committee,15
d3_tuesdays:nyk-red-devils,d3_tuesdays,D3 Tuesdays,nyk-red-devils,NYK Red Devils,3
d3_tuesdays:no-diet-coke,d3_tuesdays,D3 Tuesdays,no-diet-coke,No Diet Coke,6
d3_tuesdays:no-fly-zone-ultra,d3_tuesdays,D3 Tuesdays,no-fly-zone-ultra,No Fly Zone Ultra,9
d3_tuesdays:omb,d3_tuesdays,D3 Tuesdays,omb,OMB,2
d3_tuesdays:oilers,d3_tuesdays,D3 Tuesdays,oilers,Oilers,2
d3_tuesdays:out-of-retirement,d3_tuesdays,D3 Tuesdays,out-of-retirement,Out of Retirement,1
d3_tuesdays:part-time-goats,d3_tuesdays,D3 Tuesdays,part-time-goats,Part Time Goats,1
d3_tuesdays:pass-the-rock-to-lamar,d3_tuesdays,D3 Tuesdays,pass-the-rock-to-lamar,Pass The Rock to Lamar,1
d3_tuesdays:paw-patrol,d3_tuesdays,D3 Tuesdays,paw-patrol,Paw Patrol,4
d3_tuesdays:pnest1,d3_tuesdays,D3 Tuesdays,pnest1,Pnest1,9
d3_tuesdays:queens-park,d3_tuesdays,D3 Tuesdays,queens-park,Queens Park,2
d3_tuesdays:ramen-meatballs,d3_tuesdays,D3 Tuesdays,ramen-meatballs,Ramen & Meatballs,1
d3_tuesdays:raptors,d3_tuesdays,D3 Tuesdays,raptors,Raptors,1
d3_tuesdays:reservoir-dogs,d3_tuesdays,D3 Tuesdays,reservoir-dogs,Reservoir Dogs,8
d3_tuesdays:rice-in-my-veins,d3_tuesdays,D3 Tuesdays,rice-in-my-veins,Rice In My Veins,1
d3_tuesdays:rock-stars,d3_tuesdays,D3 Tuesdays,rock-stars,Rock Stars,1
d3_tuesdays:satriale-s,d3_tuesdays,D3 Tuesdays,satriale-s,Satriale’s,3
d3_tuesdays:scrub-daddies,d3_tuesdays,D3 Tuesdays,scrub-daddies,Scrub Daddies,8
d3_tuesdays:sex-panthers,d3_tuesdays,D3 Tuesdays,sex-panthers,Sex Panthers,2
d3_tuesdays:shiesty-squad,d3_tuesdays,D3 Tuesdays,shiesty-squad,Shiesty Squad,1
d3_tuesdays:smash-n-bounce,d3_tuesdays,D3 Tuesdays,smash-n-bounce,Smash N Bounce,33
d3_tuesdays:spaghetti-ramen,d3_tuesdays,D3 Tuesdays,spaghetti-ramen,Spaghetti Ramen,16
d3_tuesdays:spark-plugs,d3_tuesdays,D3 Tuesdays,spark-plugs,Spark Plugs,3
d3_tuesdays:stuytown-elite,d3_tuesdays,D3 Tuesdays,stuytown-elite,Stuytown Elite,1
d3_tuesdays:supreme-team,d3_tuesdays,D3 Tuesdays,supreme-team,Supreme Team,11
d3_tuesdays:tbt,d3_tuesdays,D3 Tuesdays,tbt,TBT,2
d3_tuesdays:team-hardwood,d3_tuesdays,D3 Tuesdays,team-hardwood,Team Hardwood,1
d3_tuesdays:team-sky,d3_tuesdays,D3 Tuesdays,team-sky,Team Sky,12
d3_tuesdays:the-bricklayers,d3_tuesdays,D3 Tuesdays,the-bricklayers,The Bricklayers,1
d3_tuesdays:the-coles-regulars,d3_tuesdays,D3 Tuesdays,the-coles-regulars,The Coles Regulars,1
d3_tuesdays:the-no-knees,d3_tuesdays,D3 Tuesdays,the-no-knees,The No Knees,1
d3_tuesdays:the-renegades,d3_tuesdays,D3 Tuesdays,the-renegades,The Renegades,3
d3_tuesdays:what-it-do-babyyy,d3_tuesdays,D3 Tuesdays,what-it-do-babyyy,What It Do Babyyy,2
d3_tuesdays:wildcats,d3_tuesdays,D3 Tuesdays,wildcats,Wildcats,1
d3_tuesdays:wolfpack,d3_tuesdays,D3 Tuesdays,wolfpack,Wolfpack,2
d3_tuesdays:wolverines-4-0,d3_tuesdays,D3 Tuesdays,wolverines-4-0,Wolverines 4.0,5
d3_tuesdays:yieldmo,d3_tuesdays,D3 Tuesdays,yieldmo,Yieldmo,3
premier_wednesdays:01lakers,premier_wednesdays,Premier,01lakers,01Lakers,4
premier_wednesdays:goodrun-app,premier_wednesdays,Premier,goodrun-app,@GoodRun.app,15
premier_wednesdays:age-up-there,premier_wednesdays,Premier,age-up-there,Age Up There,7
premier_wednesdays:agents-of-change,premier_wednesdays,Premier,agents-of-change,Agents of Change,4
premier_wednesdays:alligator-alliance,premier_wednesdays,Premier,alligator-alliance,Alligator Alliance,9
premier_wednesdays:asphalt-ninjas,premier_wednesdays,Premier,asphalt-ninjas,Asphalt Ninjas,9
premier_wednesdays:bb4l,premier_wednesdays,Premier,bb4l,BB4L,1
premier_wednesdays:bing-bong,premier_wednesdays,Premier,bing-bong,BING BONG,2
premier_wednesdays:bk-jazz,premier_wednesdays,Premier,bk-jazz,BK Jazz,1
premier_wednesdays:best-ever,premier_wednesdays,Premier,best-ever,Best Ever,1
premier_wednesdays:black-mambas,premier_wednesdays,Premier,black-mambas,Black Mambas,4
premier_wednesdays:bronx-bombers,premier_wednesdays,Premier,bronx-bombers,Bronx Bombers,1
premier_wednesdays:brookhattan-bankers,premier_wednesdays,Premier,brookhattan-bankers,Brookhattan Bankers,3
premier_wednesdays:c-men,premier_wednesdays,Premier,c-men,C Men,1
premier_wednesdays:ccb,premier_wednesdays,Premier,ccb,CCB,7
premier_wednesdays:certified-hooper-boys,premier_wednesdays,Premier,certified-hooper-boys,Certified Hooper Boys,1
premier_wednesdays:chess-not-checkers,premier_wednesdays,Premier,chess-not-checkers,Chess Not Checkers,2
premier_wednesdays:cookies-kareem,premier_wednesdays,Premier,cookies-kareem,Cookies & Kareem,1
premier_wednesdays:crafty-vets,premier_wednesdays,Premier,crafty-vets,Crafty Vets,1
premier_wednesdays:d-a-w,premier_wednesdays,Premier,d-a-w,D.A.W.,2
premier_wednesdays:don-t-ever-play-yourself,premier_wednesdays,Premier,don-t-ever-play-yourself,Don’t Ever Play Yourself,3
premier_wednesdays:doris-from-rego-park,premier_wednesdays,Premier,doris-from-rego-park,Doris From Rego Park,3
premier_wednesdays:expensive-league,premier_wednesdays,Premier,expensive-league,Expensive League,4
premier_wednesdays:facs-worldwide-basketball,premier_wednesdays,Premier,facs-worldwide-basketball,Facs Worldwide Basketball (D1),1
premier_wednesdays:five-borough-boys,premier_wednesdays,Premier,five-borough-boys,Five Borough Boys,5
premier_wednesdays:flying-squirrels,premier_wednesdays,Premier,flying-squirrels,Flying Squirrels,3
premier_wednesdays:free-agents,premier_wednesdays,Premier,free-agents,Free Agents,2
premier_wednesdays:frontrunners,premier_wednesdays,Premier,frontrunners,Frontrunners,5
premier_wednesdays:game-7,premier_wednesdays,Premier,game-7,Game 7,1
premier_wednesdays:gawd-sham-gawds,premier_wednesdays,Premier,gawd-sham-gawds,Gawd Sham-Gawds,1
premier_wednesdays:get-the-strap,premier_wednesdays,Premier,get-the-strap,Get The Strap,1
premier_wednesdays:goodrun-2-0,premier_wednesdays,Premier,goodrun-2-0,GoodRun 2.0,2
premier_wednesdays:gritty-city-ballers,premier_wednesdays,Premier,gritty-city-ballers,Gritty City Ballers,1
premier_wednesdays:hakuna-matata,premier_wednesdays,Premier,hakuna-matata,Hakuna Matata,3
premier_wednesdays:hand-down-man-down,premier_wednesdays,Premier,hand-down-man-down,Hand Down Man Down,1
premier_wednesdays:honey-badgers,premier_wednesdays,Premier,honey-badgers,Honey Badgers,19
premier_wednesdays:honey-badgers-prime,premier_wednesdays,Premier,honey-badgers-prime,Honey Badgers Prime,2
premier_wednesdays:hoop-dreams,premier_wednesdays,Premier,hoop-dreams,Hoop Dreams,1
premier_wednesdays:hoop-forever,premier_wednesdays,Premier,hoop-forever,Hoop Forever,4
premier_wednesdays:hoop-fuel-nutrition,premier_wednesdays,Premier,hoop-fuel-nutrition,Hoop Fuel Nutrition,2
premier_wednesdays:just-for-fun,premier_wednesdays,Premier,just-for-fun,Just For Fun,1
premier_wednesdays:lace-o-my-aso,premier_wednesdays,Premier,lace-o-my-aso,Lace’O My Aso,4
premier_wednesdays:maddog,premier_wednesdays,Premier,maddog,MADDOG$,1
premier_wednesdays:manhattan-elite,premier_wednesdays,Premier,manhattan-elite,Manhattan Elite,1
premier_wednesdays:metta-world-war,premier_wednesdays,Premier,metta-world-war,Metta World War,2
premier_wednesdays:mobadanga,premier_wednesdays,Premier,mobadanga,Mobadanga,1
premier_wednesdays:nj-rockets,premier_wednesdays,Premier,nj-rockets,NJ Rockets,2
premier_wednesdays:ny-dream,premier_wednesdays,Premier,ny-dream,NY Dream,4
premier_wednesdays:ny-dynasty,premier_wednesdays,Premier,ny-dynasty,NY Dynasty,7
premier_wednesdays:ny-falcons-u,premier_wednesdays,Premier,ny-falcons-u,NY Falcons U.,1
premier_wednesdays:ny-rockits,premier_wednesdays,Premier,ny-rockits,NY Rockits,1
premier_wednesdays:nybd,premier_wednesdays,Premier,nybd,NYBD,3
premier_wednesdays:nyc-gritty-committee,premier_wednesdays,Premier,nyc-gritty-committee,NYC Gritty Committee,1
premier_wednesdays:nyc-olympians,premier_wednesdays,Premier,nyc-olympians,NYC Olympians,2
premier_wednesdays:nyk-spartans,premier_wednesdays,Premier,nyk-spartans,NYK Spartans,12
premier_wednesdays:no-fly-zone-og,premier_wednesdays,Premier,no-fly-zone-og,No Fly Zone OG,2
premier_wednesdays:option-a,premier_wednesdays,Premier,option-a,Option A,2
premier_wednesdays:overtime,premier_wednesdays,Premier,overtime,Overtime,1
premier_wednesdays:pwc-vino,premier_wednesdays,Premier,pwc-vino,PWC Vino,21
premier_wednesdays:pacific,premier_wednesdays,Premier,pacific,Pacific,6
premier_wednesdays:peace-love,premier_wednesdays,Premier,peace-love,Peace & Love,4
premier_wednesdays:performance-health,premier_wednesdays,Premier,performance-health,Performance Health,1
premier_wednesdays:pippen-ain-t-easy,premier_wednesdays,Premier,pippen-ain-t-easy,Pippen Ain’t Easy,2
premier_wednesdays:playas-club,premier_wednesdays,Premier,playas-club,Playas Club,1
premier_wednesdays:premature-shooters,premier_wednesdays,Premier,premature-shooters,Premature Shooters,6
premier_wednesdays:qnz-blvd-all-stars,premier_wednesdays,Premier,qnz-blvd-all-stars,QNZ Blvd All-Stars,1
premier_wednesdays:rwtw,premier_wednesdays,Premier,rwtw,RWTW,2
premier_wednesdays:ratpack,premier_wednesdays,Premier,ratpack,Ratpack,7
premier_wednesdays:raw-dogs,premier_wednesdays,Premier,raw-dogs,Raw Dogs,1
premier_wednesdays:sk-war-dog,premier_wednesdays,Premier,sk-war-dog,SK War Dog,4
premier_wednesdays:sky,premier_wednesdays,Premier,sky,SKY,1
premier_wednesdays:shawn-kemp-s-kids,premier_wednesdays,Premier,shawn-kemp-s-kids,Shawn Kemp’s Kids,5
premier_wednesdays:shorties,premier_wednesdays,Premier,shorties,Shorties,2
premier_wednesdays:showcase-nyc,premier_wednesdays,Premier,showcase-nyc,Showcase NYC,5
premier_wednesdays:shut-em-down,premier_wednesdays,Premier,shut-em-down,Shut ‘Em Down,3
premier_wednesdays:slim-reapers,premier_wednesdays,Premier,slim-reapers,Slim Reapers,1
premier_wednesdays:sticky-s-finger-joint,premier_wednesdays,Premier,sticky-s-finger-joint,Sticky’s Finger Joint,3
premier_wednesdays:supersonics,premier_wednesdays,Premier,supersonics,SuperSonics,1
premier_wednesdays:swish-house,premier_wednesdays,Premier,swish-house,Swish House,2
premier_wednesdays:swish-kebabs,premier_wednesdays,Premier,swish-kebabs,Swish Kebabs,3
premier_wednesdays:tny,premier_wednesdays,Premier,tny,TNY,2
premier_wednesdays:tx-thunder,premier_wednesdays,Premier,tx-thunder,TX Thunder,9
premier_wednesdays:team-d3,premier_wednesdays,Premier,team-d3,Team D3,1
premier_wednesdays:team-david,premier_wednesdays,Premier,team-david,Team David,1
premier_wednesdays:team-ebe,premier_wednesdays,Premier,team-ebe,Team EBE,1
premier_wednesdays:team-larry,premier_wednesdays,Premier,team-larry,Team Larry,2
premier_wednesdays:team-lions,premier_wednesdays,Premier,team-lions,Team Lions,1
premier_wednesdays:the-arena-bk,premier_wednesdays,Premier,the-arena-bk,The Arena BK,1
premier_wednesdays:the-bad-guys,premier_wednesdays,Premier,the-bad-guys,The Bad Guys,2
premier_wednesdays:the-deep-end,premier_wednesdays,Premier,the-deep-end,The Deep End,2
premier_wednesdays:the-lizards,premier_wednesdays,Premier,the-lizards,The Lizards,4
premier_wednesdays:the-old-guys,premier_wednesdays,Premier,the-old-guys,The Old Guys,1
premier_wednesdays:the-triads,premier_wednesdays,Premier,the-triads,The Triads,1
premier_wednesdays:triple-d,premier_wednesdays,Premier,triple-d,Triple D,1
premier_wednesdays:two-bridges-elite,premier_wednesdays,Premier,two-bridges-elite,Two Bridges Elite,1
premier_wednesdays:united-nations,premier_wednesdays,Premier,united-nations,United Nations,2
premier_wednesdays:warriors,premier_wednesdays,Premier,warriors,Warriors,2
premier_wednesdays:we-had-game,premier_wednesdays,Premier,we-had-game,We Had Game,4
premier_wednesdays:who-s-got-next,premier_wednesdays,Premier,who-s-got-next,Who’s Got Next?,1
premier_wednesdays:wolfpack,premier_wednesdays,Premier,wolfpack,Wolfpack,1
premier_wednesdays:wolverines-4-0,premier_wednesdays,Premier,wolverines-4-0,Wolverines 4.0,1
premier_wednesdays:yolo,premier_wednesdays,Premier,yolo,YOLO,6
premier_wednesdays:yung-no-fly-zone,premier_wednesdays,Premier,yung-no-fly-zone,Yung No Fly Zone,5
