division_id,division_label,player_url,player_slug
d3_mondays,D3 Mondays,https://tdlbasketball.com/player/aaron-angeles/,aaron-angeles
d3_mondays,D3 Mondays,https://tdlbasketball.com/player/adam-low/,adam-low
d3_mondays,D3 Mondays,https://tdlbasketball.com/player/adam-patrick/,adam-patrick
d3_mondays,D3 Mondays,https://tdlbasketball.com/player/alan-ueng-d3/,alan-ueng-d3
d3_mondays,D3 Mondays,https://tdlbasketball.com/player/alec-hill/,alec-hill
d3_mondays,D3 Mondays,https://tdlbasketball.com/player/alex-brickhaus/,alex-brickhaus
d3_mondays,D3 Mondays,https://tdlbasketball.com/player/alex-liu/,alex-liu
d3_mondays,D3 Mondays,https://tdlbasketball.com/player/alex-vlandis/,alex-vlandis
d3_mondays,D3 Mondays,https://tdlbasketball.com/player/alvin-eburuoh/,alvin-eburuoh
d3_mondays,D3 Mondays,https://tdlbasketball.com/player/andrew-luna/,andrew-luna
d3_mondays,D3 Mondays,https://tdlbasketball.com/player/andrew-rivera/,andrew-rivera
d3_mondays,D3 Mondays,https://tdlbasketball.com/player/andrewhally/,andrewhally
d3_mondays,D3 Mondays,https://tdlbasketball.com/player/antwann-parks/,antwann-parks
d3_mondays,D3 Mondays,https://tdlbasketball.com/player/austin-chen/,austin-chen
d3_mondays,D3 Mondays,https://tdlbasketball.com/player/ben-shi/,ben-shi
d3_mondays,D3 Mondays,https://tdlbasketball.com/player/ben-thorpe/,ben-thorpe
d3_mondays,D3 Mondays,https://tdlbasketball.com/player/bennett-zink/,bennett-zink
d3_mondays,D3 Mondays,https://tdlbasketball.com/player/bing-jiang/,bing-jiang
d3_mondays,D3 Mondays,https://tdlbasketball.com/player/bj-farrare/,bj-farrare
d3_mondays,D3 Mondays,https://tdlbasketball.com/player/brandon-steward/,brandon-steward
d3_mondays,D3 Mondays,https://tdlbasketball.com/player/brendan-ngo/,brendan-ngo
d3_mondays,D3 Mondays,https://tdlbasketball.com/player/brian-lau-ii/,brian-lau-ii
d3_mondays,D3 Mondays,https://tdlbasketball.com/player/brian-wang-ii/,brian-wang-ii
d3_mondays,D3 Mondays,https://tdlbasketball.com/player/brocke-stepteau/,brocke-stepteau
d3_mondays,D3 Mondays,https://tdlbasketball.com/player/bulolo-jonga/,bulolo-jonga
d3_mondays,D3 Mondays,https://tdlbasketball.com/player/caleb-chen/,caleb-chen
d3_mondays,D3 Mondays,https://tdlbasketball.com/player/cam-gleichauf/,cam-gleichauf
d3_mondays,D3 Mondays,https://tdlbasketball.com/player/carson-nadash/,carson-nadash
d3_mondays,D3 Mondays,https://tdlbasketball.com/player/carter-gran-2/,carter-gran-2
d3_mondays,D3 Mondays,https://tdlbasketball.com/player/chad-wenger/,chad-wenger
d3_mondays,D3 Mondays,https://tdlbasketball.com/player/che-tsien-chiu/,che-tsien-chiu
d3_mondays,D3 Mondays,https://tdlbasketball.com/player/chris-sejour/,chris-sejour
d3_mondays,D3 Mondays,https://tdlbasketball.com/player/chris-yong/,chris-yong
d3_mondays,D3 Mondays,https://tdlbasketball.com/player/christian-tirta/,christian-tirta
d3_mondays,D3 Mondays,https://tdlbasketball.com/player/christopherstone/,christopherstone
d3_mondays,D3 Mondays,https://tdlbasketball.com/player/cole-llewellyn/,cole-llewellyn
d3_mondays,D3 Mondays,https://tdlbasketball.com/player/colin-daly/,colin-daly
d3_mondays,D3 Mondays,https://tdlbasketball.com/player/connor-brandeen/,connor-brandeen
d3_mondays,D3 Mondays,https://tdlbasketball.com/player/curtis-kao/,curtis-kao
d3_mondays,D3 Mondays,https://tdlbasketball.com/player/damen-bryan/,damen-bryan
d3_mondays,D3 Mondays,https://tdlbasketball.com/player/dave-liu-d3/,dave-liu-d3
d3_mondays,D3 Mondays,https://tdlbasketball.com/player/david-ahn/,david-ahn
d3_mondays,D3 Mondays,https://tdlbasketball.com/player/david-cannone/,david-cannone
d3_mondays,D3 Mondays,https://tdlbasketball.com/player/david-tian/,david-tian
d3_mondays,D3 Mondays,https://tdlbasketball.com/player/davis-elkins/,davis-elkins
d3_mondays,D3 Mondays,https://tdlbasketball.com/player/deying/,deying
d3_mondays,D3 Mondays,https://tdlbasketball.com/player/donovan-taras/,donovan-taras
d3_mondays,D3 Mondays,https://tdlbasketball.com/player/drew/,drew
d3_mondays,D3 Mondays,https://tdlbasketball.com/player/duncan-grimes/,duncan-grimes
d3_mondays,D3 Mondays,https://tdlbasketball.com/player/dylan-marvin/,dylan-marvin
d3_mondays,D3 Mondays,https://tdlbasketball.com/player/eli-frater/,eli-frater
d3_mondays,D3 Mondays,https://tdlbasketball.com/player/elijah-st-hilaire/,elijah-st-hilaire
d3_mondays,D3 Mondays,https://tdlbasketball.com/player/eric-fang/,eric-fang
d3_mondays,D3 Mondays,https://tdlbasketball.com/player/eric-li/,eric-li
d3_mondays,D3 Mondays,https://tdlbasketball.com/player/erik-yamada/,erik-yamada
d3_mondays,D3 Mondays,https://tdlbasketball.com/player/ernie-parade/,ernie-parade
d3_mondays,D3 Mondays,https://tdlbasketball.com/player/errest-christian/,errest-christian
d3_mondays,D3 Mondays,https://tdlbasketball.com/player/ethan-fischler/,ethan-fischler
d3_mondays,D3 Mondays,https://tdlbasketball.com/player/ethan-johnston/,ethan-johnston
d3_mondays,D3 Mondays,https://tdlbasketball.com/player/fokion-fotopoulos/,fokion-fotopoulos
d3_mondays,D3 Mondays,https://tdlbasketball.com/player/giorgo-orfanoudakis/,giorgo-orfanoudakis
d3_mondays,D3 Mondays,https://tdlbasketball.com/player/harrison-demaira/,harrison-demaira
d3_mondays,D3 Mondays,https://tdlbasketball.com/player/henry-golden/,henry-golden
d3_mondays,D3 Mondays,https://tdlbasketball.com/player/itamar-zik/,itamar-zik
d3_mondays,D3 Mondays,https://tdlbasketball.com/player/j-c/,j-c
d3_mondays,D3 Mondays,https://tdlbasketball.com/player/jack-appleby/,jack-appleby
d3_mondays,D3 Mondays,https://tdlbasketball.com/player/jack-leverty/,jack-leverty
d3_mondays,D3 Mondays,https://tdlbasketball.com/player/jake-wallack/,jake-wallack
d3_mondays,D3 Mondays,https://tdlbasketball.com/player/jamie-xie/,jamie-xie
d3_mondays,D3 Mondays,https://tdlbasketball.com/player/jason-crowell/,jason-crowell
d3_mondays,D3 Mondays,https://tdlbasketball.com/player/jason-few/,jason-few
d3_mondays,D3 Mondays,https://tdlbasketball.com/player/jay-jung-jr/,jay-jung-jr
d3_mondays,D3 Mondays,https://tdlbasketball.com/player/jeff-wallace/,jeff-wallace
d3_mondays,D3 Mondays,https://tdlbasketball.com/player/jeffrey-friedman/,jeffrey-friedman
d3_mondays,D3 Mondays,https://tdlbasketball.com/player/jeremy-eisenman/,jeremy-eisenman
d3_mondays,D3 Mondays,https://tdlbasketball.com/player/jimmy-wang/,jimmy-wang
d3_mondays,D3 Mondays,https://tdlbasketball.com/player/john-hackett/,john-hackett
d3_mondays,D3 Mondays,https://tdlbasketball.com/player/jon-kim/,jon-kim
d3_mondays,D3 Mondays,https://tdlbasketball.com/player/jonah-kaplan/,jonah-kaplan
d3_mondays,D3 Mondays,https://tdlbasketball.com/player/jonathan-kung/,jonathan-kung
d3_mondays,D3 Mondays,https://tdlbasketball.com/player/jone-wong/,jone-wong
d3_mondays,D3 Mondays,https://tdlbasketball.com/player/jordan-kang/,jordan-kang
d3_mondays,D3 Mondays,https://tdlbasketball.com/player/joseph-shieh/,joseph-shieh
d3_mondays,D3 Mondays,https://tdlbasketball.com/player/josh-lee-ii/,josh-lee-ii
d3_mondays,D3 Mondays,https://tdlbasketball.com/player/josh-lee/,josh-lee
d3_mondays,D3 Mondays,https://tdlbasketball.com/player/joshua-allotey/,joshua-allotey
d3_mondays,D3 Mondays,https://tdlbasketball.com/player/juan-carlos-pozo-olando/,juan-carlos-pozo-olando
d3_mondays,D3 Mondays,https://tdlbasketball.com/player/juan-zuniga/,juan-zuniga
d3_mondays,D3 Mondays,https://tdlbasketball.com/player/justin-ok/,justin-ok
d3_mondays,D3 Mondays,https://tdlbasketball.com/player/kaeshawn-ford/,kaeshawn-ford
d3_mondays,D3 Mondays,https://tdlbasketball.com/player/kai-hung/,kai-hung
d3_mondays,D3 Mondays,https://tdlbasketball.com/player/kane-ma/,kane-ma
d3_mondays,D3 Mondays,https://tdlbasketball.com/player/kevin-hsu/,kevin-hsu
d3_mondays,D3 Mondays,https://tdlbasketball.com/player/kevin-kim-iii/,kevin-kim-iii
d3_mondays,D3 Mondays,https://tdlbasketball.com/player/kevin-yeung/,kevin-yeung
d3_mondays,D3 Mondays,https://tdlbasketball.com/player/kieran-brennan/,kieran-brennan
d3_mondays,D3 Mondays,https://tdlbasketball.com/player/lexkronbichler/,lexkronbichler
d3_mondays,D3 Mondays,https://tdlbasketball.com/player/liad-mansky/,liad-mansky
d3_mondays,D3 Mondays,https://tdlbasketball.com/player/luke-alley/,luke-alley
d3_mondays,D3 Mondays,https://tdlbasketball.com/player/lyle-friess/,lyle-friess
d3_mondays,D3 Mondays,https://tdlbasketball.com/player/markus-pond/,markus-pond
d3_mondays,D3 Mondays,https://tdlbasketball.com/player/mathewjin/,mathewjin
d3_mondays,D3 Mondays,https://tdlbasketball.com/player/matt-kim/,matt-kim
d3_mondays,D3 Mondays,https://tdlbasketball.com/player/matt-vander-woude/,matt-vander-woude
d3_mondays,D3 Mondays,https://tdlbasketball.com/player/max-roberts/,max-roberts
d3_mondays,D3 Mondays,https://tdlbasketball.com/player/maxwell-lee/,maxwell-lee
d3_mondays,D3 Mondays,https://tdlbasketball.com/player/michael-look/,michael-look
d3_mondays,D3 Mondays,https://tdlbasketball.com/player/michael-lou/,michael-lou
d3_mondays,D3 Mondays,https://tdlbasketball.com/player/michael-shih-hsueh-lu/,michael-shih-hsueh-lu
d3_mondays,D3 Mondays,https://tdlbasketball.com/player/michael-simmonds/,michael-simmonds
d3_mondays,D3 Mondays,https://tdlbasketball.com/player/mikie-atzlan/,mikie-atzlan
d3_mondays,D3 Mondays,https://tdlbasketball.com/player/mitch-gilbert/,mitch-gilbert
d3_mondays,D3 Mondays,https://tdlbasketball.com/player/mohammedahmen/,mohammedahmen
d3_mondays,D3 Mondays,https://tdlbasketball.com/player/nick-cunningham/,nick-cunningham
d3_mondays,D3 Mondays,https://tdlbasketball.com/player/nick-escort/,nick-escort
d3_mondays,D3 Mondays,https://tdlbasketball.com/player/nick-forella/,nick-forella
d3_mondays,D3 Mondays,https://tdlbasketball.com/player/nick-hoffis/,nick-hoffis
d3_mondays,D3 Mondays,https://tdlbasketball.com/player/nick-yan/,nick-yan
d3_mondays,D3 Mondays,https://tdlbasketball.com/player/nicolas-hou/,nicolas-hou
d3_mondays,D3 Mondays,https://tdlbasketball.com/player/noah-lau/,noah-lau
d3_mondays,D3 Mondays,https://tdlbasketball.com/player/philvlandis/,philvlandis
d3_mondays,D3 Mondays,https://tdlbasketball.com/player/piper-bond/,piper-bond
d3_mondays,D3 Mondays,https://tdlbasketball.com/player/quoc-nguyen/,quoc-nguyen
d3_mondays,D3 Mondays,https://tdlbasketball.com/player/raj-patel/,raj-patel
d3_mondays,D3 Mondays,https://tdlbasketball.com/player/ralph-ramos/,ralph-ramos
d3_mondays,D3 Mondays,https://tdlbasketball.com/player/raymond-cheong-cano/,raymond-cheong-cano
d3_mondays,D3 Mondays,https://tdlbasketball.com/player/robert-van-dyke/,robert-van-dyke
d3_mondays,D3 Mondays,https://tdlbasketball.com/player/ryan-tana/,ryan-tana
d3_mondays,D3 Mondays,https://tdlbasketball.com/player/sam-eiber/,sam-eiber
d3_mondays,D3 Mondays,https://tdlbasketball.com/player/sam-hou/,sam-hou
d3_mondays,D3 Mondays,https://tdlbasketball.com/player/santiago-dipilla/,santiago-dipilla
d3_mondays,D3 Mondays,https://tdlbasketball.com/player/sean-bonanni/,sean-bonanni
d3_mondays,D3 Mondays,https://tdlbasketball.com/player/sean-connor/,sean-connor
d3_mondays,D3 Mondays,https://tdlbasketball.com/player/sean-dunnsue/,sean-dunnsue
d3_mondays,D3 Mondays,https://tdlbasketball.com/player/sean-mckinless/,sean-mckinless
d3_mondays,D3 Mondays,https://tdlbasketball.com/player/sebastian-bonilla/,sebastian-bonilla
d3_mondays,D3 Mondays,https://tdlbasketball.com/player/steve-lai/,steve-lai
d3_mondays,D3 Mondays,https://tdlbasketball.com/player/steven-siegel-ii/,steven-siegel-ii
d3_mondays,D3 Mondays,https://tdlbasketball.com/player/suren-aghagazadian/,suren-aghagazadian
d3_mondays,D3 Mondays,https://tdlbasketball.com/player/tervor-baker/,tervor-baker
d3_mondays,D3 Mondays,https://tdlbasketball.com/player/thomasfeigin/,thomasfeigin
d3_mondays,D3 Mondays,https://tdlbasketball.com/player/tim-park/,tim-park
d3_mondays,D3 Mondays,https://tdlbasketball.com/player/timothy-ngoge/,timothy-ngoge
d3_mondays,D3 Mondays,https://tdlbasketball.com/player/tom-hammett/,tom-hammett
d3_mondays,D3 Mondays,https://tdlbasketball.com/player/tony-bai/,tony-bai
d3_mondays,D3 Mondays,https://tdlbasketball.com/player/ty-wright/,ty-wright
d3_mondays,D3 Mondays,https://tdlbasketball.com/player/victor-tsay-ii/,victor-tsay-ii
d3_mondays,D3 Mondays,https://tdlbasketball.com/player/willdaly/,willdaly
d3_mondays,D3 Mondays,https://tdlbasketball.com/player/william-huang/,william-huang
d3_mondays,D3 Mondays,https://tdlbasketball.com/player/william-kim/,william-kim
d3_mondays,D3 Mondays,https://tdlbasketball.com/player/willkronberger/,willkronberger
d3_mondays,D3 Mondays,https://tdlbasketball.com/player/zach-gelacio/,zach-gelacio
d3_tuesdays,D3 Tuesdays,https://tdlbasketball.com/player/adny-park/,adny-park
d3_tuesdays,D3 Tuesdays,https://tdlbasketball.com/player/albert-kim/,albert-kim
d3_tuesdays,D3 Tuesdays,https://tdlbasketball.com/player/alex-liu-ii/,alex-liu-ii
d3_tuesdays,D3 Tuesdays,https://tdlbasketball.com/player/alston-tang/,alston-tang
d3_tuesdays,D3 Tuesdays,https://tdlbasketball.com/player/andrew-lui/,andrew-lui
d3_tuesdays,D3 Tuesdays,https://tdlbasketball.com/player/andrew-tu-2/,andrew-tu-2
d3_tuesdays,D3 Tuesdays,https://tdlbasketball.com/player/andrewcho-ii/,andrewcho-ii
d3_tuesdays,D3 Tuesdays,https://tdlbasketball.com/player/andy-fu/,andy-fu
d3_tuesdays,D3 Tuesdays,https://tdlbasketball.com/player/antonio-mullins/,antonio-mullins
d3_tuesdays,D3 Tuesdays,https://tdlbasketball.com/player/arthur-kern/,arthur-kern
d3_tuesdays,D3 Tuesdays,https://tdlbasketball.com/player/benji-oberholtzer/,benji-oberholtzer
d3_tuesdays,D3 Tuesdays,https://tdlbasketball.com/player/brandon-mackie/,brandon-mackie
d3_tuesdays,D3 Tuesdays,https://tdlbasketball.com/player/brian-jeong/,brian-jeong
d3_tuesdays,D3 Tuesdays,https://tdlbasketball.com/player/brian-yeun/,brian-yeun
d3_tuesdays,D3 Tuesdays,https://tdlbasketball.com/player/chazz-cozart/,chazz-cozart
d3_tuesdays,D3 Tuesdays,https://tdlbasketball.com/player/chris-su/,chris-su
d3_tuesdays,D3 Tuesdays,https://tdlbasketball.com/player/christopehr-pei/,christopehr-pei
d3_tuesdays,D3 Tuesdays,https://tdlbasketball.com/player/corey-chan/,corey-chan
d3_tuesdays,D3 Tuesdays,https://tdlbasketball.com/player/danny-chan/,danny-chan
d3_tuesdays,D3 Tuesdays,https://tdlbasketball.com/player/david-lun/,david-lun
d3_tuesdays,D3 Tuesdays,https://tdlbasketball.com/player/david-nelson/,david-nelson
d3_tuesdays,D3 Tuesdays,https://tdlbasketball.com/player/demetrio-beltres/,demetrio-beltres
d3_tuesdays,D3 Tuesdays,https://tdlbasketball.com/player/dillon-hamer/,dillon-hamer
d3_tuesdays,D3 Tuesdays,https://tdlbasketball.com/player/diwen-huang/,diwen-huang
d3_tuesdays,D3 Tuesdays,https://tdlbasketball.com/player/dylan-jergens/,dylan-jergens
d3_tuesdays,D3 Tuesdays,https://tdlbasketball.com/player/emmanuel-khuu/,emmanuel-khuu
d3_tuesdays,D3 Tuesdays,https://tdlbasketball.com/player/enyu-lee/,enyu-lee
d3_tuesdays,D3 Tuesdays,https://tdlbasketball.com/player/gary-kai-jui-chen-d3/,gary-kai-jui-chen-d3
d3_tuesdays,D3 Tuesdays,https://tdlbasketball.com/player/george-ingber/,george-ingber
d3_tuesdays,D3 Tuesdays,https://tdlbasketball.com/player/grey-yang/,grey-yang
d3_tuesdays,D3 Tuesdays,https://tdlbasketball.com/player/griffy-golden/,griffy-golden
d3_tuesdays,D3 Tuesdays,https://tdlbasketball.com/player/guillermo-hernandez/,guillermo-hernandez
d3_tuesdays,D3 Tuesdays,https://tdlbasketball.com/player/hai-lin/,hai-lin
d3_tuesdays,D3 Tuesdays,https://tdlbasketball.com/player/hammad-iqbal/,hammad-iqbal
d3_tuesdays,D3 Tuesdays,https://tdlbasketball.com/player/hiroto-udagawa/,hiroto-udagawa
d3_tuesdays,D3 Tuesdays,https://tdlbasketball.com/player/james-dai/,james-dai
d3_tuesdays,D3 Tuesdays,https://tdlbasketball.com/player/jaquan-mullins/,jaquan-mullins
d3_tuesdays,D3 Tuesdays,https://tdlbasketball.com/player/jaquan/,jaquan
d3_tuesdays,D3 Tuesdays,https://tdlbasketball.com/player/jason-ho/,jason-ho
d3_tuesdays,D3 Tuesdays,https://tdlbasketball.com/player/jaylen-cotten/,jaylen-cotten
d3_tuesdays,D3 Tuesdays,https://tdlbasketball.com/player/jeff-liu-ii/,jeff-liu-ii
d3_tuesdays,D3 Tuesdays,https://tdlbasketball.com/player/jeff-syham/,jeff-syham
d3_tuesdays,D3 Tuesdays,https://tdlbasketball.com/player/jeff-zhang/,jeff-zhang
d3_tuesdays,D3 Tuesdays,https://tdlbasketball.com/player/jeffery-shu/,jeffery-shu
d3_tuesdays,D3 Tuesdays,https://tdlbasketball.com/player/jerred-robinson/,jerred-robinson
d3_tuesdays,D3 Tuesdays,https://tdlbasketball.com/player/jimmy-chen/,jimmy-chen
d3_tuesdays,D3 Tuesdays,https://tdlbasketball.com/player/jimmy-kang/,jimmy-kang
d3_tuesdays,D3 Tuesdays,https://tdlbasketball.com/player/josh-schwartz/,josh-schwartz
d3_tuesdays,D3 Tuesdays,https://tdlbasketball.com/player/kaching/,kaching
d3_tuesdays,D3 Tuesdays,https://tdlbasketball.com/player/kenhirata-rivera/,kenhirata-rivera
d3_tuesdays,D3 Tuesdays,https://tdlbasketball.com/player/kevin-leumene/,kevin-leumene
d3_tuesdays,D3 Tuesdays,https://tdlbasketball.com/player/king-i-yang/,king-i-yang
d3_tuesdays,D3 Tuesdays,https://tdlbasketball.com/player/klein-santiago/,klein-santiago
d3_tuesdays,D3 Tuesdays,https://tdlbasketball.com/player/lennox-degrasse/,lennox-degrasse
d3_tuesdays,D3 Tuesdays,https://tdlbasketball.com/player/leo-wu/,leo-wu
d3_tuesdays,D3 Tuesdays,https://tdlbasketball.com/player/leuis-ng-d3/,leuis-ng-d3
d3_tuesdays,D3 Tuesdays,https://tdlbasketball.com/player/liam-mccormick/,liam-mccormick
d3_tuesdays,D3 Tuesdays,https://tdlbasketball.com/player/louis-lou/,louis-lou
d3_tuesdays,D3 Tuesdays,https://tdlbasketball.com/player/luc-dowell/,luc-dowell
d3_tuesdays,D3 Tuesdays,https://tdlbasketball.com/player/markus-takei/,markus-takei
d3_tuesdays,D3 Tuesdays,https://tdlbasketball.com/player/matt-mcguiness/,matt-mcguiness
d3_tuesdays,D3 Tuesdays,https://tdlbasketball.com/player/max-dowell/,max-dowell
d3_tuesdays,D3 Tuesdays,https://tdlbasketball.com/player/michael-reding-d3/,michael-reding-d3
d3_tuesdays,D3 Tuesdays,https://tdlbasketball.com/player/michael-thompson/,michael-thompson
d3_tuesdays,D3 Tuesdays,https://tdlbasketball.com/player/michaelwang/,michaelwang
d3_tuesdays,D3 Tuesdays,https://tdlbasketball.com/player/miguel-facundo/,miguel-facundo
d3_tuesdays,D3 Tuesdays,https://tdlbasketball.com/player/moe-tawhid/,moe-tawhid
d3_tuesdays,D3 Tuesdays,https://tdlbasketball.com/player/obinna-obuteh/,obinna-obuteh
d3_tuesdays,D3 Tuesdays,https://tdlbasketball.com/player/parks-larsen/,parks-larsen
d3_tuesdays,D3 Tuesdays,https://tdlbasketball.com/player/patryk-michon/,patryk-michon
d3_tuesdays,D3 Tuesdays,https://tdlbasketball.com/player/peter-lorei/,peter-lorei
d3_tuesdays,D3 Tuesdays,https://tdlbasketball.com/player/peter-park/,peter-park
d3_tuesdays,D3 Tuesdays,https://tdlbasketball.com/player/raymond-cheong-cano-d3/,raymond-cheong-cano-d3
d3_tuesdays,D3 Tuesdays,https://tdlbasketball.com/player/robert-raiola/,robert-raiola
d3_tuesdays,D3 Tuesdays,https://tdlbasketball.com/player/samuel-xu/,samuel-xu
d3_tuesdays,D3 Tuesdays,https://tdlbasketball.com/player/sen-cai/,sen-cai
d3_tuesdays,D3 Tuesdays,https://tdlbasketball.com/player/shang-yip/,shang-yip
d3_tuesdays,D3 Tuesdays,https://tdlbasketball.com/player/shardulkothapalli/,shardulkothapalli
d3_tuesdays,D3 Tuesdays,https://tdlbasketball.com/player/simpson-therlonge/,simpson-therlonge
d3_tuesdays,D3 Tuesdays,https://tdlbasketball.com/player/srdjan-mirkovic/,srdjan-mirkovic
d3_tuesdays,D3 Tuesdays,https://tdlbasketball.com/player/taylor-searle/,taylor-searle
d3_tuesdays,D3 Tuesdays,https://tdlbasketball.com/player/thomas-chen-ii/,thomas-chen-ii
d3_tuesdays,D3 Tuesdays,https://tdlbasketball.com/player/tim-zhang/,tim-zhang
d3_tuesdays,D3 Tuesdays,https://tdlbasketball.com/player/trevor-bedsaul/,trevor-bedsaul
d3_tuesdays,D3 Tuesdays,https://tdlbasketball.com/player/tyler-curto/,tyler-curto
d3_tuesdays,D3 Tuesdays,https://tdlbasketball.com/player/vegas-dave-wong-d3/,vegas-dave-wong-d3
d3_tuesdays,D3 Tuesdays,https://tdlbasketball.com/player/yuanwuhe/,yuanwuhe
d3_tuesdays,D3 Tuesdays,https://tdlbasketball.com/player/zach-moretti-d3/,zach-moretti-d3
d2_sundays,D2 Sundays,https://tdlbasketball.com/player/abner-moreau/,abner-moreau
d2_sundays,D2 Sundays,https://tdlbasketball.com/player/adesoji-james/,adesoji-james
d2_sundays,D2 Sundays,https://tdlbasketball.com/player/adidass-majors/,adidass-majors
d2_sundays,D2 Sundays,https://tdlbasketball.com/player/aj-brown/,aj-brown
d2_sundays,D2 Sundays,https://tdlbasketball.com/player/alex-ovenseri/,alex-ovenseri
d2_sundays,D2 Sundays,https://tdlbasketball.com/player/alex-smith/,alex-smith
d2_sundays,D2 Sundays,https://tdlbasketball.com/player/alexander-lum/,alexander-lum
d2_sundays,D2 Sundays,https://tdlbasketball.com/player/alixscott/,alixscott
d2_sundays,D2 Sundays,https://tdlbasketball.com/player/anderson-antoine/,anderson-antoine
d2_sundays,D2 Sundays,https://tdlbasketball.com/player/andy-wong/,andy-wong
d2_sundays,D2 Sundays,https://tdlbasketball.com/player/anthony-medina/,anthony-medina
d2_sundays,D2 Sundays,https://tdlbasketball.com/player/anwar-boling/,anwar-boling
d2_sundays,D2 Sundays,https://tdlbasketball.com/player/asa-shannon/,asa-shannon
d2_sundays,D2 Sundays,https://tdlbasketball.com/player/austin-stewart/,austin-stewart
d2_sundays,D2 Sundays,https://tdlbasketball.com/player/avery-hugg/,avery-hugg
d2_sundays,D2 Sundays,https://tdlbasketball.com/player/benjamin-coen/,benjamin-coen
d2_sundays,D2 Sundays,https://tdlbasketball.com/player/brandon-hines/,brandon-hines
d2_sundays,D2 Sundays,https://tdlbasketball.com/player/brent-greeley/,brent-greeley
d2_sundays,D2 Sundays,https://tdlbasketball.com/player/camren-barden/,camren-barden
d2_sundays,D2 Sundays,https://tdlbasketball.com/player/carlos-velasquez/,carlos-velasquez
d2_sundays,D2 Sundays,https://tdlbasketball.com/player/chazz-higginbotham/,chazz-higginbotham
d2_sundays,D2 Sundays,https://tdlbasketball.com/player/craig-caver/,craig-caver
d2_sundays,D2 Sundays,https://tdlbasketball.com/player/david-rondeau/,david-rondeau
d2_sundays,D2 Sundays,https://tdlbasketball.com/player/davon-woodward/,davon-woodward
d2_sundays,D2 Sundays,https://tdlbasketball.com/player/delon-maxwell/,delon-maxwell
d2_sundays,D2 Sundays,https://tdlbasketball.com/player/dominek-tucker/,dominek-tucker
d2_sundays,D2 Sundays,https://tdlbasketball.com/player/dominque-rose/,dominque-rose
d2_sundays,D2 Sundays,https://tdlbasketball.com/player/donnie-smith/,donnie-smith
d2_sundays,D2 Sundays,https://tdlbasketball.com/player/earlmills/,earlmills
d2_sundays,D2 Sundays,https://tdlbasketball.com/player/eliavico/,eliavico
d2_sundays,D2 Sundays,https://tdlbasketball.com/player/ethan-lubowitz/,ethan-lubowitz
d2_sundays,D2 Sundays,https://tdlbasketball.com/player/evan-sirkey/,evan-sirkey
d2_sundays,D2 Sundays,https://tdlbasketball.com/player/felix-riascos/,felix-riascos
d2_sundays,D2 Sundays,https://tdlbasketball.com/player/fyras-elsebai/,fyras-elsebai
d2_sundays,D2 Sundays,https://tdlbasketball.com/player/gabriel-amarante/,gabriel-amarante
d2_sundays,D2 Sundays,https://tdlbasketball.com/player/geno-ware/,geno-ware
d2_sundays,D2 Sundays,https://tdlbasketball.com/player/guyveson-cassamajor/,guyveson-cassamajor
d2_sundays,D2 Sundays,https://tdlbasketball.com/player/hassan-sebai/,hassan-sebai
d2_sundays,D2 Sundays,https://tdlbasketball.com/player/henry-rice/,henry-rice
d2_sundays,D2 Sundays,https://tdlbasketball.com/player/isaiah-holman/,isaiah-holman
d2_sundays,D2 Sundays,https://tdlbasketball.com/player/jacob-olivo/,jacob-olivo
d2_sundays,D2 Sundays,https://tdlbasketball.com/player/jacob-wilson/,jacob-wilson
d2_sundays,D2 Sundays,https://tdlbasketball.com/player/jared-gaer/,jared-gaer
d2_sundays,D2 Sundays,https://tdlbasketball.com/player/jawan-graves/,jawan-graves
d2_sundays,D2 Sundays,https://tdlbasketball.com/player/jay-legrand/,jay-legrand
d2_sundays,D2 Sundays,https://tdlbasketball.com/player/jeremy-sanders/,jeremy-sanders
d2_sundays,D2 Sundays,https://tdlbasketball.com/player/john-mcgouran/,john-mcgouran
d2_sundays,D2 Sundays,https://tdlbasketball.com/player/jordan-peltway/,jordan-peltway
d2_sundays,D2 Sundays,https://tdlbasketball.com/player/josh-olivo/,josh-olivo
d2_sundays,D2 Sundays,https://tdlbasketball.com/player/justin-hank/,justin-hank
d2_sundays,D2 Sundays,https://tdlbasketball.com/player/justin-sykes/,justin-sykes
d2_sundays,D2 Sundays,https://tdlbasketball.com/player/justin-williams/,justin-williams
d2_sundays,D2 Sundays,https://tdlbasketball.com/player/kareemcorprew/,kareemcorprew
d2_sundays,D2 Sundays,https://tdlbasketball.com/player/kareemfoy/,kareemfoy
d2_sundays,D2 Sundays,https://tdlbasketball.com/player/keith-salerno/,keith-salerno
d2_sundays,D2 Sundays,https://tdlbasketball.com/player/kendari-holness/,kendari-holness
d2_sundays,D2 Sundays,https://tdlbasketball.com/player/korede-griffith/,korede-griffith
d2_sundays,D2 Sundays,https://tdlbasketball.com/player/kushal-dalal/,kushal-dalal
d2_sundays,D2 Sundays,https://tdlbasketball.com/player/kxie-salmon/,kxie-salmon
d2_sundays,D2 Sundays,https://tdlbasketball.com/player/kyle-denault/,kyle-denault
d2_sundays,D2 Sundays,https://tdlbasketball.com/player/lance-glover/,lance-glover
d2_sundays,D2 Sundays,https://tdlbasketball.com/player/levi-ferdinand/,levi-ferdinand
d2_sundays,D2 Sundays,https://tdlbasketball.com/player/liam-eberhardt/,liam-eberhardt
d2_sundays,D2 Sundays,https://tdlbasketball.com/player/lou-pluviose/,lou-pluviose
d2_sundays,D2 Sundays,https://tdlbasketball.com/player/m-l-reeves/,m-l-reeves
d2_sundays,D2 Sundays,https://tdlbasketball.com/player/mark-promax/,mark-promax
d2_sundays,D2 Sundays,https://tdlbasketball.com/player/marlon-coustard/,marlon-coustard
d2_sundays,D2 Sundays,https://tdlbasketball.com/player/matt-baniewicz/,matt-baniewicz
d2_sundays,D2 Sundays,https://tdlbasketball.com/player/mike-bratton/,mike-bratton
d2_sundays,D2 Sundays,https://tdlbasketball.com/player/mike-liander/,mike-liander
d2_sundays,D2 Sundays,https://tdlbasketball.com/player/mike-oxley/,mike-oxley
d2_sundays,D2 Sundays,https://tdlbasketball.com/player/miller-hardaway/,miller-hardaway
d2_sundays,D2 Sundays,https://tdlbasketball.com/player/mitchellpapazian/,mitchellpapazian
d2_sundays,D2 Sundays,https://tdlbasketball.com/player/moses-mcrae/,moses-mcrae
d2_sundays,D2 Sundays,https://tdlbasketball.com/player/nate-ash/,nate-ash
d2_sundays,D2 Sundays,https://tdlbasketball.com/player/nate-solomon/,nate-solomon
d2_sundays,D2 Sundays,https://tdlbasketball.com/player/nathan-carrasquillo/,nathan-carrasquillo
d2_sundays,D2 Sundays,https://tdlbasketball.com/player/nico-brightbill/,nico-brightbill
d2_sundays,D2 Sundays,https://tdlbasketball.com/player/olu-durosoga/,olu-durosoga
d2_sundays,D2 Sundays,https://tdlbasketball.com/player/oluwaseye-durosoga/,oluwaseye-durosoga
d2_sundays,D2 Sundays,https://tdlbasketball.com/player/osiris-amarante/,osiris-amarante
d2_sundays,D2 Sundays,https://tdlbasketball.com/player/para-alexander/,para-alexander
d2_sundays,D2 Sundays,https://tdlbasketball.com/player/philip-cho/,philip-cho
d2_sundays,D2 Sundays,https://tdlbasketball.com/player/prescott-derrick/,prescott-derrick
d2_sundays,D2 Sundays,https://tdlbasketball.com/player/quincycole-jr/,quincycole-jr
d2_sundays,D2 Sundays,https://tdlbasketball.com/player/quintonalexandre/,quintonalexandre
d2_sundays,D2 Sundays,https://tdlbasketball.com/player/raymond-jones/,raymond-jones
d2_sundays,D2 Sundays,https://tdlbasketball.com/player/renrick-jobe/,renrick-jobe
d2_sundays,D2 Sundays,https://tdlbasketball.com/player/roberto-ellis-jr/,roberto-ellis-jr
d2_sundays,D2 Sundays,https://tdlbasketball.com/player/roei-cohen/,roei-cohen
d2_sundays,D2 Sundays,https://tdlbasketball.com/player/ryan-angco/,ryan-angco
d2_sundays,D2 Sundays,https://tdlbasketball.com/player/ryan-cary/,ryan-cary
d2_sundays,D2 Sundays,https://tdlbasketball.com/player/ryan-kim-iii/,ryan-kim-iii
d2_sundays,D2 Sundays,https://tdlbasketball.com/player/salleh-nagi/,salleh-nagi
d2_sundays,D2 Sundays,https://tdlbasketball.com/player/sharif-dhobhany/,sharif-dhobhany
d2_sundays,D2 Sundays,https://tdlbasketball.com/player/shawn-simmons/,shawn-simmons
d2_sundays,D2 Sundays,https://tdlbasketball.com/player/shervin-nassi/,shervin-nassi
d2_sundays,D2 Sundays,https://tdlbasketball.com/player/simon-pang/,simon-pang
d2_sundays,D2 Sundays,https://tdlbasketball.com/player/solomon-antoine/,solomon-antoine
d2_sundays,D2 Sundays,https://tdlbasketball.com/player/sterlingstrother/,sterlingstrother
d2_sundays,D2 Sundays,https://tdlbasketball.com/player/steve-song/,steve-song
d2_sundays,D2 Sundays,https://tdlbasketball.com/player/tenzin-dayab/,tenzin-dayab
d2_sundays,D2 Sundays,https://tdlbasketball.com/player/terrell-brown/,terrell-brown
d2_sundays,D2 Sundays,https://tdlbasketball.com/player/thomas-shundi/,thomas-shundi
d2_sundays,D2 Sundays,https://tdlbasketball.com/player/trevonncrooks/,trevonncrooks
d2_sundays,D2 Sundays,https://tdlbasketball.com/player/tron-smith/,tron-smith
d2_sundays,D2 Sundays,https://tdlbasketball.com/player/tyler-henderson/,tyler-henderson
d2_sundays,D2 Sundays,https://tdlbasketball.com/player/tyler-jones/,tyler-jones
d2_sundays,D2 Sundays,https://tdlbasketball.com/player/walker-aspinwall/,walker-aspinwall
d2_sundays,D2 Sundays,https://tdlbasketball.com/player/will-seelman/,will-seelman
d2_sundays,D2 Sundays,https://tdlbasketball.com/player/willroth/,willroth
d2_sundays,D2 Sundays,https://tdlbasketball.com/player/xavier-harmon/,xavier-harmon
d2_sundays,D2 Sundays,https://tdlbasketball.com/player/yuejay-reeves/,yuejay-reeves
d3_sundays,D3 Sundays,https://tdlbasketball.com/player/adam-dimarco/,adam-dimarco
d3_sundays,D3 Sundays,https://tdlbasketball.com/player/adam-hernandez/,adam-hernandez
d3_sundays,D3 Sundays,https://tdlbasketball.com/player/alan-xu/,alan-xu
d3_sundays,D3 Sundays,https://tdlbasketball.com/player/alejandro-solorzano/,alejandro-solorzano
d3_sundays,D3 Sundays,https://tdlbasketball.com/player/antonio-melara/,antonio-melara
d3_sundays,D3 Sundays,https://tdlbasketball.com/player/arjun-kumar/,arjun-kumar
d3_sundays,D3 Sundays,https://tdlbasketball.com/player/arthur-ronne/,arthur-ronne
d3_sundays,D3 Sundays,https://tdlbasketball.com/player/austen-moye/,austen-moye
d3_sundays,D3 Sundays,https://tdlbasketball.com/player/aylan-almonte/,aylan-almonte
d3_sundays,D3 Sundays,https://tdlbasketball.com/player/bill-wang/,bill-wang
d3_sundays,D3 Sundays,https://tdlbasketball.com/player/boaz-ru/,boaz-ru
d3_sundays,D3 Sundays,https://tdlbasketball.com/player/brandon-goldberg/,brandon-goldberg
d3_sundays,D3 Sundays,https://tdlbasketball.com/player/brian-chu-ii/,brian-chu-ii
d3_sundays,D3 Sundays,https://tdlbasketball.com/player/camden-nelson/,camden-nelson
d3_sundays,D3 Sundays,https://tdlbasketball.com/player/cameron-afram-gyening/,cameron-afram-gyening
d3_sundays,D3 Sundays,https://tdlbasketball.com/player/charles-ingram/,charles-ingram
d3_sundays,D3 Sundays,https://tdlbasketball.com/player/charlie-belmes/,charlie-belmes
d3_sundays,D3 Sundays,https://tdlbasketball.com/player/chris-zhu/,chris-zhu
d3_sundays,D3 Sundays,https://tdlbasketball.com/player/christopher-davis/,christopher-davis
d3_sundays,D3 Sundays,https://tdlbasketball.com/player/cisco-ramos/,cisco-ramos
d3_sundays,D3 Sundays,https://tdlbasketball.com/player/cristian-santana/,cristian-santana
d3_sundays,D3 Sundays,https://tdlbasketball.com/player/dakota-karren/,dakota-karren
d3_sundays,D3 Sundays,https://tdlbasketball.com/player/darius-sim/,darius-sim
d3_sundays,D3 Sundays,https://tdlbasketball.com/player/david-shi/,david-shi
d3_sundays,D3 Sundays,https://tdlbasketball.com/player/dylan-klein/,dylan-klein
d3_sundays,D3 Sundays,https://tdlbasketball.com/player/elliott-grund/,elliott-grund
d3_sundays,D3 Sundays,https://tdlbasketball.com/player/ethan-fong/,ethan-fong
d3_sundays,D3 Sundays,https://tdlbasketball.com/player/frank-fan/,frank-fan
d3_sundays,D3 Sundays,https://tdlbasketball.com/player/gary-lou/,gary-lou
d3_sundays,D3 Sundays,https://tdlbasketball.com/player/gering-d/,gering-d
d3_sundays,D3 Sundays,https://tdlbasketball.com/player/hatim-suliman/,hatim-suliman
d3_sundays,D3 Sundays,https://tdlbasketball.com/player/isaac-consenstein/,isaac-consenstein
d3_sundays,D3 Sundays,https://tdlbasketball.com/player/jack-latimore/,jack-latimore
d3_sundays,D3 Sundays,https://tdlbasketball.com/player/jake-bolster/,jake-bolster
d3_sundays,D3 Sundays,https://tdlbasketball.com/player/jared-ma/,jared-ma
d3_sundays,D3 Sundays,https://tdlbasketball.com/player/jason-sun/,jason-sun
d3_sundays,D3 Sundays,https://tdlbasketball.com/player/jewell-day/,jewell-day
d3_sundays,D3 Sundays,https://tdlbasketball.com/player/jimmy-zhang-2/,jimmy-zhang-2
d3_sundays,D3 Sundays,https://tdlbasketball.com/player/jonathan-pak/,jonathan-pak
d3_sundays,D3 Sundays,https://tdlbasketball.com/player/joseph-charles/,joseph-charles
d3_sundays,D3 Sundays,https://tdlbasketball.com/player/justin-lau/,justin-lau
d3_sundays,D3 Sundays,https://tdlbasketball.com/player/karim-hawker/,karim-hawker
d3_sundays,D3 Sundays,https://tdlbasketball.com/player/kiante-evans/,kiante-evans
d3_sundays,D3 Sundays,https://tdlbasketball.com/player/kris-chen/,kris-chen
d3_sundays,D3 Sundays,https://tdlbasketball.com/player/kwasi-mensah/,kwasi-mensah
d3_sundays,D3 Sundays,https://tdlbasketball.com/player/kyle-simon/,kyle-simon
d3_sundays,D3 Sundays,https://tdlbasketball.com/player/kyle-stout/,kyle-stout
d3_sundays,D3 Sundays,https://tdlbasketball.com/player/luis-morillo/,luis-morillo
d3_sundays,D3 Sundays,https://tdlbasketball.com/player/marquisgiddiens/,marquisgiddiens
d3_sundays,D3 Sundays,https://tdlbasketball.com/player/martin-dorsey/,martin-dorsey
d3_sundays,D3 Sundays,https://tdlbasketball.com/player/matt-greenberg/,matt-greenberg
d3_sundays,D3 Sundays,https://tdlbasketball.com/player/michael-reeves/,michael-reeves
d3_sundays,D3 Sundays,https://tdlbasketball.com/player/michael-wu/,michael-wu
d3_sundays,D3 Sundays,https://tdlbasketball.com/player/michaellarrow/,michaellarrow
d3_sundays,D3 Sundays,https://tdlbasketball.com/player/michaelmantzouranis/,michaelmantzouranis
d3_sundays,D3 Sundays,https://tdlbasketball.com/player/michaelxue/,michaelxue
d3_sundays,D3 Sundays,https://tdlbasketball.com/player/miguel-mota/,miguel-mota
d3_sundays,D3 Sundays,https://tdlbasketball.com/player/miguel-vega/,miguel-vega
d3_sundays,D3 Sundays,https://tdlbasketball.com/player/mike-shin/,mike-shin
d3_sundays,D3 Sundays,https://tdlbasketball.com/player/miles-herman/,miles-herman
d3_sundays,D3 Sundays,https://tdlbasketball.com/player/morgan-lee/,morgan-lee
d3_sundays,D3 Sundays,https://tdlbasketball.com/player/nawang-sherpa/,nawang-sherpa
d3_sundays,D3 Sundays,https://tdlbasketball.com/player/nicholas-adams/,nicholas-adams
d3_sundays,D3 Sundays,https://tdlbasketball.com/player/omar-thompson/,omar-thompson
d3_sundays,D3 Sundays,https://tdlbasketball.com/player/oren-yacoel/,oren-yacoel
d3_sundays,D3 Sundays,https://tdlbasketball.com/player/osiris-delacruz/,osiris-delacruz
d3_sundays,D3 Sundays,https://tdlbasketball.com/player/pranav-harikrishnan/,pranav-harikrishnan
d3_sundays,D3 Sundays,https://tdlbasketball.com/player/pranay-linga/,pranay-linga
d3_sundays,D3 Sundays,https://tdlbasketball.com/player/ryan-coye/,ryan-coye
d3_sundays,D3 Sundays,https://tdlbasketball.com/player/ryan-shin/,ryan-shin
d3_sundays,D3 Sundays,https://tdlbasketball.com/player/sean-he/,sean-he
d3_sundays,D3 Sundays,https://tdlbasketball.com/player/sean-smith/,sean-smith
d3_sundays,D3 Sundays,https://tdlbasketball.com/player/shane-rogers/,shane-rogers
d3_sundays,D3 Sundays,https://tdlbasketball.com/player/toby-altan/,toby-altan
d3_sundays,D3 Sundays,https://tdlbasketball.com/player/wilber-gonzalez/,wilber-gonzalez
d3_sundays,D3 Sundays,https://tdlbasketball.com/player/willie-jin/,willie-jin
d3_sundays,D3 Sundays,https://tdlbasketball.com/player/xavi-zepeda/,xavi-zepeda
d3_sundays,D3 Sundays,https://tdlbasketball.com/player/zach-garti/,zach-garti
d3_sundays,D3 Sundays,https://tdlbasketball.com/player/zahir-caldwell/,zahir-caldwell
premier_wednesdays,Premier,https://tdlbasketball.com/player/akbar-khader/,akbar-khader
premier_wednesdays,Premier,https://tdlbasketball.com/player/akeem-ellis/,akeem-ellis
premier_wednesdays,Premier,https://tdlbasketball.com/player/alan-ueng-d2/,alan-ueng-d2
premier_wednesdays,Premier,https://tdlbasketball.com/player/alex-laub/,alex-laub
premier_wednesdays,Premier,https://tdlbasketball.com/player/andrewkarpinski/,andrewkarpinski
premier_wednesdays,Premier,https://tdlbasketball.com/player/antwan-wilkerson/,antwan-wilkerson
premier_wednesdays,Premier,https://tdlbasketball.com/player/august-mahoney/,august-mahoney
premier_wednesdays,Premier,https://tdlbasketball.com/player/azar-swain/,azar-swain
premier_wednesdays,Premier,https://tdlbasketball.com/player/brandonjohnson/,brandonjohnson
premier_wednesdays,Premier,https://tdlbasketball.com/player/brian-rivers/,brian-rivers
premier_wednesdays,Premier,https://tdlbasketball.com/player/brian-yardy/,brian-yardy
premier_wednesdays,Premier,https://tdlbasketball.com/player/bryan-hurley/,bryan-hurley
premier_wednesdays,Premier,https://tdlbasketball.com/player/bryan-knapp/,bryan-knapp
premier_wednesdays,Premier,https://tdlbasketball.com/player/calvin-johnson/,calvin-johnson
premier_wednesdays,Premier,https://tdlbasketball.com/player/carmelo-santana/,carmelo-santana
premier_wednesdays,Premier,https://tdlbasketball.com/player/carson-cohen/,carson-cohen
premier_wednesdays,Premier,https://tdlbasketball.com/player/cecil-tanner/,cecil-tanner
premier_wednesdays,Premier,https://tdlbasketball.com/player/chad-everett/,chad-everett
premier_wednesdays,Premier,https://tdlbasketball.com/player/charlie-anastasi/,charlie-anastasi
premier_wednesdays,Premier,https://tdlbasketball.com/player/charlie-hall/,charlie-hall
premier_wednesdays,Premier,https://tdlbasketball.com/player/chris-kress/,chris-kress
premier_wednesdays,Premier,https://tdlbasketball.com/player/chris-samuels/,chris-samuels
premier_wednesdays,Premier,https://tdlbasketball.com/player/chuma-azinge/,chuma-azinge
premier_wednesdays,Premier,https://tdlbasketball.com/player/ciaran-brayboy/,ciaran-brayboy
premier_wednesdays,Premier,https://tdlbasketball.com/player/cory-madden/,cory-madden
premier_wednesdays,Premier,https://tdlbasketball.com/player/danny-bomberger/,danny-bomberger
premier_wednesdays,Premier,https://tdlbasketball.com/player/david-krieg/,david-krieg
premier_wednesdays,Premier,https://tdlbasketball.com/player/drew-dibble/,drew-dibble
premier_wednesdays,Premier,https://tdlbasketball.com/player/drew-zlogar/,drew-zlogar
premier_wednesdays,Premier,https://tdlbasketball.com/player/eddie-moore/,eddie-moore
premier_wednesdays,Premier,https://tdlbasketball.com/player/eddy-fortune/,eddy-fortune
premier_wednesdays,Premier,https://tdlbasketball.com/player/elgin-ford-jr/,elgin-ford-jr
premier_wednesdays,Premier,https://tdlbasketball.com/player/ericlevine/,ericlevine
premier_wednesdays,Premier,https://tdlbasketball.com/player/g-dizzy/,g-dizzy
premier_wednesdays,Premier,https://tdlbasketball.com/player/gabe-knutson/,gabe-knutson
premier_wednesdays,Premier,https://tdlbasketball.com/player/gabriel-toro/,gabriel-toro
premier_wednesdays,Premier,https://tdlbasketball.com/player/georgio-milligan/,georgio-milligan
premier_wednesdays,Premier,https://tdlbasketball.com/player/ignas-slyka/,ignas-slyka
premier_wednesdays,Premier,https://tdlbasketball.com/player/isaac-holze/,isaac-holze
premier_wednesdays,Premier,https://tdlbasketball.com/player/ishmael-donzo/,ishmael-donzo
premier_wednesdays,Premier,https://tdlbasketball.com/player/jack-buckmelter/,jack-buckmelter
premier_wednesdays,Premier,https://tdlbasketball.com/player/jack-oconnell/,jack-oconnell
premier_wednesdays,Premier,https://tdlbasketball.com/player/jack-rieger/,jack-rieger
premier_wednesdays,Premier,https://tdlbasketball.com/player/jack-starkey/,jack-starkey
premier_wednesdays,Premier,https://tdlbasketball.com/player/jeremy-werden/,jeremy-werden
premier_wednesdays,Premier,https://tdlbasketball.com/player/joe-pasquale/,joe-pasquale
premier_wednesdays,Premier,https://tdlbasketball.com/player/joe-zukus/,joe-zukus
premier_wednesdays,Premier,https://tdlbasketball.com/player/jonah-charles/,jonah-charles
premier_wednesdays,Premier,https://tdlbasketball.com/player/joshua-chery/,joshua-chery
premier_wednesdays,Premier,https://tdlbasketball.com/player/joshua-cruz/,joshua-cruz
premier_wednesdays,Premier,https://tdlbasketball.com/player/julian-lipinski/,julian-lipinski
premier_wednesdays,Premier,https://tdlbasketball.com/player/khai-champion/,khai-champion
premier_wednesdays,Premier,https://tdlbasketball.com/player/kobe-dickson/,kobe-dickson
premier_wednesdays,Premier,https://tdlbasketball.com/player/lashawn-martin/,lashawn-martin
premier_wednesdays,Premier,https://tdlbasketball.com/player/luke-rogers/,luke-rogers
premier_wednesdays,Premier,https://tdlbasketball.com/player/mateo-rice/,mateo-rice
premier_wednesdays,Premier,https://tdlbasketball.com/player/merlin-neal/,merlin-neal
premier_wednesdays,Premier,https://tdlbasketball.com/player/michael-gardner/,michael-gardner
premier_wednesdays,Premier,https://tdlbasketball.com/player/mike-kaufman/,mike-kaufman
premier_wednesdays,Premier,https://tdlbasketball.com/player/nasser-al-rayes/,nasser-al-rayes
premier_wednesdays,Premier,https://tdlbasketball.com/player/nate-brown/,nate-brown
premier_wednesdays,Premier,https://tdlbasketball.com/player/nathan-mccarthy/,nathan-mccarthy
premier_wednesdays,Premier,https://tdlbasketball.com/player/nick-laudati/,nick-laudati
premier_wednesdays,Premier,https://tdlbasketball.com/player/nigel-williams-jr/,nigel-williams-jr
premier_wednesdays,Premier,https://tdlbasketball.com/player/patrick-healy/,patrick-healy
premier_wednesdays,Premier,https://tdlbasketball.com/player/patrick-walker/,patrick-walker
premier_wednesdays,Premier,https://tdlbasketball.com/player/paul-vitelli/,paul-vitelli
premier_wednesdays,Premier,https://tdlbasketball.com/player/peter-otoole/,peter-otoole
premier_wednesdays,Premier,https://tdlbasketball.com/player/rob-jackson/,rob-jackson
premier_wednesdays,Premier,https://tdlbasketball.com/player/rocky-cabrera/,rocky-cabrera
premier_wednesdays,Premier,https://tdlbasketball.com/player/sony-cabral/,sony-cabral
premier_wednesdays,Premier,https://tdlbasketball.com/player/tj-prather/,tj-prather
premier_wednesdays,Premier,https://tdlbasketball.com/player/tom-give/,tom-give
premier_wednesdays,Premier,https://tdlbasketball.com/player/tom-martin/,tom-martin
premier_wednesdays,Premier,https://tdlbasketball.com/player/travis-atson/,travis-atson
premier_wednesdays,Premier,https://tdlbasketball.com/player/turk-anwar/,turk-anwar
premier_wednesdays,Premier,https://tdlbasketball.com/player/tyrone-cohen/,tyrone-cohen
premier_wednesdays,Premier,https://tdlbasketball.com/player/vaughn-gray/,vaughn-gray
premier_wednesdays,Premier,https://tdlbasketball.com/player/vincent-pace/,vincent-pace
premier_wednesdays,Premier,https://tdlbasketball.com/player/walter-defreitas/,walter-defreitas
premier_wednesdays,Premier,https://tdlbasketball.com/player/warren-derevere/,warren-derevere
premier_wednesdays,Premier,https://tdlbasketball.com/player/willcustis/,willcustis
premier_wednesdays,Premier,https://tdlbasketball.com/player/willkathrein/,willkathrein
premier_wednesdays,Premier,https://tdlbasketball.com/player/willkoenick/,willkoenick
premier_wednesdays,Premier,https://tdlbasketball.com/player/willtaussig/,willtaussig
d2_thursdays,D2 Thursdays,https://tdlbasketball.com/player/ahad-anjum/,ahad-anjum
d2_thursdays,D2 Thursdays,https://tdlbasketball.com/player/alex-damiba/,alex-damiba
d2_thursdays,D2 Thursdays,https://tdlbasketball.com/player/alex-havens/,alex-havens
d2_thursdays,D2 Thursdays,https://tdlbasketball.com/player/andrew-wood/,andrew-wood
d2_thursdays,D2 Thursdays,https://tdlbasketball.com/player/anthony-speights/,anthony-speights
d2_thursdays,D2 Thursdays,https://tdlbasketball.com/player/benjuarez/,benjuarez
d2_thursdays,D2 Thursdays,https://tdlbasketball.com/player/brandon-oh/,brandon-oh
d2_thursdays,D2 Thursdays,https://tdlbasketball.com/player/bryan-bostwick/,bryan-bostwick
d2_thursdays,D2 Thursdays,https://tdlbasketball.com/player/charles-lott/,charles-lott
d2_thursdays,D2 Thursdays,https://tdlbasketball.com/player/charlie-bostwick/,charlie-bostwick
d2_thursdays,D2 Thursdays,https://tdlbasketball.com/player/chris-cox/,chris-cox
d2_thursdays,D2 Thursdays,https://tdlbasketball.com/player/colin-mckenna/,colin-mckenna
d2_thursdays,D2 Thursdays,https://tdlbasketball.com/player/corey-lewis/,corey-lewis
d2_thursdays,D2 Thursdays,https://tdlbasketball.com/player/david-kawashima/,david-kawashima
d2_thursdays,D2 Thursdays,https://tdlbasketball.com/player/doug-browman/,doug-browman
d2_thursdays,D2 Thursdays,https://tdlbasketball.com/player/dwayne-thomas/,dwayne-thomas
d2_thursdays,D2 Thursdays,https://tdlbasketball.com/player/dzifa-dzaba/,dzifa-dzaba
d2_thursdays,D2 Thursdays,https://tdlbasketball.com/player/ed-lee/,ed-lee
d2_thursdays,D2 Thursdays,https://tdlbasketball.com/player/elliot-obeng/,elliot-obeng
d2_thursdays,D2 Thursdays,https://tdlbasketball.com/player/enesco-hunte/,enesco-hunte
d2_thursdays,D2 Thursdays,https://tdlbasketball.com/player/inseok-song/,inseok-song
d2_thursdays,D2 Thursdays,https://tdlbasketball.com/player/jack-paccione/,jack-paccione
d2_thursdays,D2 Thursdays,https://tdlbasketball.com/player/jack-williams/,jack-williams
d2_thursdays,D2 Thursdays,https://tdlbasketball.com/player/jason-katz/,jason-katz
d2_thursdays,D2 Thursdays,https://tdlbasketball.com/player/jason-saimpy/,jason-saimpy
d2_thursdays,D2 Thursdays,https://tdlbasketball.com/player/jonathan-martinez/,jonathan-martinez
d2_thursdays,D2 Thursdays,https://tdlbasketball.com/player/jordan-jeffrey/,jordan-jeffrey
d2_thursdays,D2 Thursdays,https://tdlbasketball.com/player/josh-chadbourne/,josh-chadbourne
d2_thursdays,D2 Thursdays,https://tdlbasketball.com/player/josh-freeman/,josh-freeman
d2_thursdays,D2 Thursdays,https://tdlbasketball.com/player/kenny-carvajal/,kenny-carvajal
d2_thursdays,D2 Thursdays,https://tdlbasketball.com/player/kevin-doran/,kevin-doran
d2_thursdays,D2 Thursdays,https://tdlbasketball.com/player/kol-lewis/,kol-lewis
d2_thursdays,D2 Thursdays,https://tdlbasketball.com/player/kyle-taylor/,kyle-taylor
d2_thursdays,D2 Thursdays,https://tdlbasketball.com/player/mohamed-sylla/,mohamed-sylla
d2_thursdays,D2 Thursdays,https://tdlbasketball.com/player/quran-dublin/,quran-dublin
d2_thursdays,D2 Thursdays,https://tdlbasketball.com/player/ram-mehta/,ram-mehta
d2_thursdays,D2 Thursdays,https://tdlbasketball.com/player/reece-taylor/,reece-taylor
d2_thursdays,D2 Thursdays,https://tdlbasketball.com/player/scott-barton/,scott-barton
d2_thursdays,D2 Thursdays,https://tdlbasketball.com/player/sherod-sharif/,sherod-sharif
d2_thursdays,D2 Thursdays,https://tdlbasketball.com/player/simon-cantwell/,simon-cantwell
d2_thursdays,D2 Thursdays,https://tdlbasketball.com/player/stefan-schwartz/,stefan-schwartz
d2_thursdays,D2 Thursdays,https://tdlbasketball.com/player/taylor-vanderbilt/,taylor-vanderbilt
d2_thursdays,D2 Thursdays,https://tdlbasketball.com/player/terrell-fullerton/,terrell-fullerton
d2_thursdays,D2 Thursdays,https://tdlbasketball.com/player/thomasdrew/,thomasdrew
d2_thursdays,D2 Thursdays,https://tdlbasketball.com/player/thomasschnepp/,thomasschnepp
d2_thursdays,D2 Thursdays,https://tdlbasketball.com/player/wade-richardson/,wade-richardson
d2_thursdays,D2 Thursdays,https://tdlbasketball.com/player/wes-arrington/,wes-arrington
